age,primary_streaming_service,hours_per_day,while_working,instrumentalist,composer,fav_genre,exploratory,foreign_languages,bpm,frequency_classical,frequency_country,frequency_edm,frequency_folk,frequency_gospel,frequency_hip_hop,frequency_jazz,frequency_k_pop,frequency_latin,frequency_lofi,frequency_metal,frequency_pop,frequency_rb,frequency_rap,frequency_rock,frequency_video_game_music,anxiety,depression,insomnia,ocd,music_effects,high_anxiety
18.0,Spotify,3.0,1,1,1,Latin,1,1,156.0,1,0,1,0,0,2,0,3,3,1,0,3,2,3,0,2,3.0,0.0,1.0,0.0,Improve,0
63.0,Pandora,1.5,1,0,0,Rock,1,0,119.0,2,0,0,1,2,1,3,1,2,1,0,2,2,1,3,1,7.0,2.0,2.0,1.0,Improve,1
18.0,Spotify,4.0,0,0,0,Video game music,0,1,132.0,0,0,3,0,0,1,1,3,0,2,2,1,0,1,1,3,7.0,7.0,10.0,2.0,No effect,1
61.0,YouTube Music,2.5,1,0,1,Jazz,1,1,84.0,2,0,0,1,2,0,3,2,3,2,0,2,2,0,0,0,9.0,7.0,3.0,3.0,Improve,1
18.0,Spotify,4.0,1,0,0,R&B,1,0,107.0,0,0,1,0,1,3,0,3,2,2,0,2,3,3,0,1,7.0,2.0,5.0,9.0,Improve,1
18.0,Spotify,5.0,1,1,1,Jazz,1,1,86.0,1,2,0,0,0,2,3,3,1,3,1,3,3,3,3,0,8.0,8.0,7.0,7.0,Improve,1
18.0,YouTube Music,3.0,1,1,0,Video game music,1,1,66.0,2,0,1,2,1,1,2,0,1,1,1,1,1,0,0,2,4.0,8.0,6.0,0.0,Improve,0
21.0,Spotify,1.0,1,0,0,K pop,1,1,95.0,0,0,1,0,0,3,1,3,0,2,0,2,2,1,0,1,5.0,3.0,5.0,3.0,Improve,0
19.0,Spotify,6.0,1,0,0,Rock,0,0,94.0,0,3,0,2,0,0,0,0,0,0,3,0,0,0,3,0,2.0,0.0,0.0,0.0,Improve,0
18.0,I do not use a streaming service.,1.0,1,0,0,R&B,1,1,155.0,1,1,1,1,2,1,1,0,1,1,0,2,2,1,2,2,2.0,2.0,5.0,1.0,Improve,0
18.0,Spotify,3.0,1,1,0,Country,1,0,120.0,0,3,0,0,0,0,0,0,0,0,0,1,1,0,1,0,7.0,7.0,4.0,7.0,No effect,1
19.0,YouTube Music,8.0,1,0,0,EDM,1,0,125.0,1,0,3,0,0,2,1,1,1,1,0,1,1,2,1,1,1.0,0.0,0.0,1.0,Improve,0
19.0,Spotify,2.0,1,0,0,Country,1,0,88.0,0,3,1,2,0,2,0,0,0,1,0,1,0,3,0,0,2.0,1.0,2.0,0.0,Improve,0
18.0,Spotify,4.0,1,1,0,Jazz,1,1,148.0,3,1,0,0,0,0,3,0,2,1,2,2,0,0,2,1,6.0,4.0,7.0,0.0,Improve,0
17.0,Spotify,2.0,0,0,0,Pop,1,1,120.0,1,1,0,0,0,2,1,1,1,1,1,3,1,2,2,1,7.0,5.0,4.0,1.0,Worsen,1
16.0,Spotify,8.0,1,0,0,Hip hop,1,1,103.0,0,0,0,0,0,3,0,0,0,0,0,0,2,3,0,1,8.0,8.0,4.0,3.0,Improve,1
16.0,Spotify,12.0,1,0,1,Hip hop,1,1,120.0,1,0,2,1,0,3,1,0,0,0,2,2,1,2,3,0,5.0,7.0,10.0,0.0,Improve,0
17.0,Spotify,24.0,1,0,0,Rap,1,0,99.0,1,0,0,0,0,2,2,2,1,0,2,1,2,3,3,0,7.0,5.0,0.0,3.0,Improve,1
15.0,Spotify,3.0,0,0,0,Hip hop,0,0,120.0,0,0,0,0,0,3,1,0,0,0,1,1,2,3,1,0,7.0,3.0,0.0,2.0,Improve,1
15.0,Apple Music,8.0,1,0,0,Hip hop,1,1,120.0,1,0,2,1,0,3,2,3,2,1,1,3,1,3,2,2,6.0,9.0,3.0,0.0,Improve,0
17.0,Spotify,4.0,1,0,0,Rap,1,0,125.0,0,1,1,0,0,2,0,0,0,1,1,2,0,3,2,0,10.0,10.0,2.0,4.0,Improve,1
19.0,I do not use a streaming service.,5.0,1,0,0,R&B,1,1,118.0,1,1,2,3,1,3,2,0,0,1,1,1,3,3,2,1,6.0,7.0,5.0,4.0,Improve,0
18.0,Spotify,2.0,1,0,0,Pop,0,1,79.0,1,1,2,0,0,1,0,1,2,0,0,3,0,0,0,1,3.0,3.0,8.0,6.0,No effect,0
16.0,Other streaming service,3.0,1,1,1,Rock,1,1,84.0,1,1,0,1,2,2,2,0,1,0,2,0,2,1,3,2,10.0,6.0,8.0,10.0,Improve,1
18.0,Spotify,2.0,0,0,0,Pop,1,1,169.0,2,1,1,3,1,1,1,3,0,2,0,3,2,2,2,0,7.0,4.0,2.0,5.0,Improve,1
14.0,Spotify,12.0,1,1,1,Rock,1,1,136.0,2,2,1,1,1,3,2,0,0,3,0,3,3,3,3,2,8.0,6.0,10.0,5.0,Improve,1
18.0,YouTube Music,6.0,1,1,1,Pop,0,1,101.0,2,1,1,1,1,2,2,0,0,0,0,3,2,2,0,0,3.0,2.0,1.0,2.0,Improve,0
17.0,Spotify,2.0,1,1,0,Pop,1,1,126.0,0,3,1,1,0,0,1,2,3,1,1,3,1,0,2,2,6.0,6.0,4.0,5.0,Improve,0
17.0,Apple Music,1.0,1,0,0,Pop,1,0,183.0,1,0,0,1,0,0,2,0,0,0,2,2,0,0,2,0,8.0,2.0,1.0,5.0,Improve,1
20.0,Apple Music,5.0,1,1,0,Rock,1,1,120.0,0,1,1,3,0,3,2,0,2,2,3,2,2,2,3,1,7.0,7.0,2.0,0.0,Improve,1
19.0,Spotify,2.0,1,0,0,Classical,0,0,120.0,3,0,0,0,0,1,1,0,0,2,0,3,0,0,0,3,4.0,4.0,4.0,3.0,No effect,0
19.0,Spotify,6.0,1,1,0,Metal,1,1,120.0,0,0,0,1,0,1,2,1,0,2,3,2,0,0,2,2,9.0,8.0,2.0,3.0,Improve,1
17.0,Spotify,4.0,0,0,0,Rock,1,1,142.0,1,1,1,3,0,2,1,1,0,1,1,3,1,2,3,1,5.0,6.0,6.0,1.0,Improve,0
16.0,Spotify,1.0,1,0,0,Classical,0,0,75.0,3,0,0,1,0,0,0,0,0,0,1,0,0,0,0,1,0.0,0.0,0.0,0.0,No effect,0
18.0,Spotify,5.0,1,1,0,Pop,1,0,120.0,2,1,2,1,2,2,1,2,1,2,1,3,2,2,1,0,3.0,2.0,1.0,1.0,Improve,0
21.0,Spotify,4.0,1,0,0,Pop,0,1,89.0,0,0,1,0,0,2,0,1,1,0,0,3,0,1,0,0,6.0,8.0,0.0,2.0,Improve,0
17.0,Other streaming service,3.0,1,0,0,Pop,1,0,120.0,0,0,2,0,0,3,1,2,0,0,1,3,2,3,3,0,2.0,0.0,4.0,0.0,No effect,0
26.0,Other streaming service,0.5,0,0,0,Rock,0,1,140.0,1,0,1,2,0,0,1,0,0,0,0,1,0,0,3,0,9.0,8.0,1.0,0.0,No effect,1
20.0,Spotify,4.0,1,0,0,EDM,1,0,161.0,1,1,3,2,1,2,1,2,0,2,1,3,3,2,3,1,7.0,2.0,8.0,6.0,Improve,1
23.0,YouTube Music,2.0,1,1,1,Video game music,1,0,80.0,2,1,0,1,2,0,2,1,1,1,1,2,2,1,2,3,4.0,2.0,3.0,4.0,Improve,0
18.0,Spotify,5.0,1,1,0,Rock,1,0,130.0,3,0,0,2,0,2,2,1,0,2,3,2,1,2,3,2,7.0,6.0,5.0,0.0,Improve,1
37.0,YouTube Music,0.25,0,0,0,Video game music,1,0,147.0,3,1,0,1,0,1,2,0,1,0,0,3,2,0,2,2,3.0,2.0,10.0,0.0,No effect,0
17.0,Spotify,3.0,1,0,0,Classical,1,1,120.0,3,0,3,0,0,3,2,2,1,2,0,2,3,3,1,2,6.0,6.0,8.0,2.0,Improve,0
18.0,Spotify,4.0,1,0,0,Metal,1,1,77.0,1,0,0,0,0,3,1,0,0,0,3,2,2,3,3,3,1.0,0.0,8.0,2.0,No effect,0
17.0,I do not use a streaming service.,1.0,1,1,1,Folk,0,0,118.0,0,2,1,3,0,1,0,0,1,1,1,1,1,2,2,2,7.0,3.0,1.0,5.0,Improve,1
36.0,Spotify,1.0,0,1,1,Classical,0,0,132.0,3,2,0,1,0,0,0,0,0,0,2,1,0,0,2,0,8.0,9.0,3.0,0.0,No effect,1
24.0,Spotify,3.0,1,0,0,Rock,1,1,115.0,1,0,1,2,0,0,0,1,0,3,1,2,0,0,3,2,9.0,6.0,4.0,3.0,Improve,1
18.0,Spotify,5.0,1,0,1,Metal,1,1,157.0,0,0,1,1,0,3,1,0,1,1,3,2,1,3,3,0,7.0,9.0,5.0,0.0,Improve,1
19.0,Spotify,3.0,1,0,0,Pop,0,1,90.0,2,1,2,0,0,3,2,1,0,2,1,3,2,2,2,2,7.0,4.0,2.0,4.0,No effect,1
17.0,Apple Music,2.0,1,1,0,EDM,1,0,128.0,0,1,3,0,0,1,0,0,1,1,3,2,2,2,3,1,0.0,0.0,0.0,0.0,Improve,0
16.0,Spotify,6.0,1,0,0,K pop,1,1,169.0,1,0,0,1,2,3,1,3,3,3,0,2,3,3,1,0,7.0,8.0,7.0,5.0,Improve,1
23.0,Apple Music,1.0,0,0,0,Rap,0,1,140.0,2,1,2,1,0,3,3,0,0,0,2,1,1,3,3,1,10.0,6.0,3.0,10.0,No effect,1
23.0,Spotify,12.0,1,0,0,Pop,1,1,96.0,3,1,0,3,0,1,2,1,1,1,0,3,2,1,1,0,3.0,7.0,5.0,5.0,No effect,0
22.0,Spotify,4.0,1,0,1,Rock,1,1,126.0,1,0,1,2,0,1,1,0,0,1,2,3,2,1,3,1,8.0,7.0,4.0,3.0,Improve,1
16.0,Apple Music,2.0,1,1,0,Classical,1,0,120.0,3,0,0,0,0,1,2,0,0,0,0,1,1,1,2,1,0.0,0.0,1.0,3.0,Improve,0
18.0,Spotify,6.0,1,0,0,Rock,1,0,91.0,1,0,0,1,0,0,0,0,0,0,3,1,0,2,3,0,8.0,6.0,2.0,10.0,No effect,1
42.0,I do not use a streaming service.,0.0,1,0,0,Rock,0,1,120.0,1,1,0,0,0,0,1,0,0,0,2,1,1,0,2,2,9.0,0.0,10.0,0.0,No effect,1
23.0,Spotify,7.0,1,0,0,Folk,1,1,55.0,1,3,0,3,3,2,1,0,1,0,2,2,1,1,1,2,6.0,4.0,2.0,3.0,Improve,0
23.0,I do not use a streaming service.,1.0,1,1,0,Video game music,0,0,85.0,2,2,2,1,0,1,2,1,1,3,0,2,3,1,2,3,7.0,0.0,0.0,2.0,Improve,1
19.0,YouTube Music,1.0,0,1,0,K pop,1,1,160.0,0,0,0,0,0,0,2,3,0,0,0,0,0,0,0,1,10.0,1.0,0.0,0.0,Improve,1
22.0,Pandora,1.0,0,1,0,Rock,1,0,108.0,1,0,2,1,0,0,3,0,0,0,0,2,1,0,3,1,8.0,7.0,0.0,5.0,Improve,1
15.0,Other streaming service,2.0,1,1,0,Rock,0,0,156.0,0,0,1,1,0,0,0,0,0,1,2,2,0,0,3,2,3.0,2.0,6.0,7.0,Improve,0
25.0,Spotify,2.0,0,0,0,Metal,0,1,170.0,1,1,1,2,0,1,0,1,0,1,3,2,0,1,3,3,5.0,5.0,3.0,1.0,No effect,0
32.0,Spotify,5.0,1,0,0,Rock,0,1,91.0,2,0,1,2,0,2,1,1,0,0,3,3,3,1,3,0,10.0,10.0,3.0,1.0,Worsen,1
36.0,Spotify,6.0,1,0,0,Metal,1,1,174.0,3,0,1,3,0,0,0,2,0,1,3,1,0,0,2,3,5.0,4.0,10.0,2.0,Improve,0
24.0,Spotify,3.0,0,0,0,Rock,1,1,130.0,2,2,0,1,0,0,1,0,1,0,3,3,0,0,3,0,0.0,0.0,8.0,0.0,No effect,0
29.0,Spotify,4.0,0,0,0,Hip hop,1,0,140.0,1,2,1,0,1,3,1,1,1,1,0,2,2,2,2,0,8.0,8.0,5.0,10.0,Improve,1
41.0,Apple Music,3.0,1,1,1,Metal,1,1,130.0,2,0,2,0,0,1,1,0,0,2,2,2,0,1,1,0,10.0,7.0,8.0,0.0,Improve,1
36.0,I do not use a streaming service.,2.0,1,1,1,Rock,1,0,127.0,2,1,3,2,1,1,3,0,0,0,3,2,1,1,3,2,7.0,3.0,1.0,1.0,Improve,1
19.0,YouTube Music,3.0,1,0,0,Rock,1,0,160.0,1,2,2,1,0,2,1,0,2,2,2,2,3,3,3,1,8.0,7.0,4.0,0.0,Improve,1
31.0,Spotify,2.0,1,0,0,Rock,1,1,120.0,0,2,0,1,2,0,2,1,0,0,2,3,0,0,3,0,10.0,2.0,0.0,5.0,No effect,1
16.0,Spotify,4.0,1,0,0,Rock,0,1,120.0,2,1,1,2,0,1,1,1,1,2,2,3,1,1,3,3,9.0,8.0,1.0,2.0,Improve,1
26.0,Spotify,2.0,1,1,1,Hip hop,1,1,165.0,1,1,3,1,1,3,1,1,1,1,1,2,1,3,3,1,6.0,3.0,1.0,1.0,Improve,0
22.0,Apple Music,0.5,0,0,0,Hip hop,0,0,113.0,2,0,0,0,0,3,1,0,1,0,0,2,2,3,0,0,7.0,7.0,0.0,1.0,No effect,1
16.0,Spotify,5.0,1,1,1,Jazz,1,1,167.0,2,1,0,0,1,1,3,3,1,0,0,3,1,3,2,0,7.0,7.0,8.0,4.0,Improve,1
17.0,Spotify,5.0,1,0,0,Metal,1,1,95.0,0,2,1,1,0,0,0,0,0,0,3,1,0,0,3,2,4.0,1.0,0.0,0.0,Improve,0
19.0,Spotify,10.0,1,0,0,R&B,1,1,110.0,0,1,3,0,0,2,0,3,0,0,0,1,3,1,0,0,7.0,2.0,1.0,5.0,Improve,1
18.0,YouTube Music,2.0,0,0,0,EDM,0,1,150.0,2,1,3,0,1,1,1,0,0,2,0,3,1,2,1,3,9.0,0.0,5.0,10.0,Improve,1
18.0,YouTube Music,4.0,1,0,0,Hip hop,1,1,93.0,0,0,1,0,0,3,2,2,1,2,0,3,3,3,2,1,2.0,7.0,1.0,1.0,Improve,0
19.0,Spotify,5.0,0,1,1,Rock,1,1,90.0,1,0,0,1,0,2,3,0,3,1,2,1,2,1,3,1,10.0,8.0,7.0,0.0,Improve,1
19.0,Spotify,3.0,1,0,0,Jazz,1,0,118.0,1,0,1,0,0,3,3,1,2,3,0,2,2,2,1,3,3.0,0.0,0.0,0.0,Improve,0
22.0,Spotify,2.0,1,0,0,K pop,1,1,126.0,0,0,3,0,0,2,0,3,0,0,0,2,0,2,3,1,7.0,8.0,5.0,1.0,No effect,1
16.0,Spotify,2.5,1,1,1,Rock,1,1,103.0,1,2,0,3,0,1,2,0,2,2,1,3,1,0,3,1,2.0,1.0,0.0,0.0,Improve,0
19.0,Spotify,3.0,1,0,0,R&B,1,1,77.0,1,0,2,0,0,3,1,3,1,1,1,3,3,3,1,3,5.0,4.0,0.0,1.0,Improve,0
37.0,Spotify,1.0,1,0,0,Rock,0,0,115.0,1,1,1,1,0,1,1,1,0,1,1,2,1,1,3,0,9.0,10.0,6.0,10.0,No effect,1
14.0,Spotify,7.0,1,1,0,Jazz,0,0,110.0,1,0,3,0,0,0,3,0,2,0,0,2,0,0,3,3,2.0,0.0,0.0,0.0,Improve,0
33.0,I do not use a streaming service.,1.0,0,0,0,Metal,0,1,120.0,1,2,2,0,0,2,0,0,1,0,3,2,1,2,2,2,5.0,2.0,5.0,1.0,Improve,0
26.0,Spotify,1.0,0,0,0,R&B,0,0,113.0,1,2,0,2,0,3,3,0,0,0,3,3,3,3,3,0,3.0,2.0,0.0,0.0,No effect,0
32.0,Spotify,3.0,1,0,0,Hip hop,0,0,157.0,0,0,1,0,0,3,0,0,2,1,0,2,3,3,1,0,2.0,0.0,7.0,0.0,No effect,0
30.0,Spotify,5.0,1,1,0,Metal,1,0,160.0,2,1,0,2,0,1,0,0,0,0,3,2,0,0,3,0,7.0,6.0,6.0,2.0,No effect,1
43.0,I do not use a streaming service.,6.0,1,1,1,Video game music,1,1,109.0,2,1,3,1,1,1,1,2,1,3,1,2,1,0,2,3,5.0,4.0,8.0,3.0,No effect,0
24.0,Spotify,4.0,1,0,0,Classical,1,1,175.0,3,1,1,0,0,1,1,0,0,0,2,3,1,0,3,1,4.0,6.0,5.0,3.0,Improve,0
36.0,YouTube Music,1.0,1,0,0,Rock,1,0,110.0,2,1,0,0,0,0,0,0,0,0,1,2,1,1,3,0,6.0,2.0,3.0,1.0,Improve,0
19.0,YouTube Music,4.0,1,0,0,Video game music,1,0,162.0,1,0,1,0,0,1,2,0,0,2,0,2,0,0,1,3,8.0,2.0,1.0,6.0,Improve,1
22.0,Spotify,10.0,1,0,0,Metal,1,1,189.0,1,3,0,3,0,0,1,0,0,0,3,1,0,1,2,2,9.0,6.0,0.0,6.0,Improve,1
20.0,Spotify,3.0,0,0,1,EDM,1,1,121.0,1,2,3,0,0,2,0,1,0,2,0,2,0,2,2,1,0.0,3.0,7.0,0.0,Improve,0
31.0,Spotify,2.0,0,0,0,Rock,1,0,200.0,1,1,0,1,0,1,1,0,0,1,2,2,0,1,3,0,8.0,9.0,6.0,2.0,Improve,1
19.0,Spotify,4.0,1,0,0,Metal,1,1,105.0,2,0,0,0,0,2,2,1,0,0,2,2,1,2,3,1,4.0,1.0,1.0,1.0,Improve,0
15.0,Spotify,8.0,1,0,0,Rock,0,0,193.0,0,0,0,0,0,0,0,0,0,0,2,1,0,0,3,1,8.0,7.0,5.0,0.0,Improve,1
18.0,Spotify,2.0,0,1,1,Metal,1,1,149.0,0,0,1,0,0,2,0,0,0,0,3,2,0,1,3,1,3.0,4.0,6.0,1.0,Improve,0
25.0,I do not use a streaming service.,0.5,0,1,0,Classical,0,0,140.0,3,0,0,0,1,0,2,0,2,0,1,1,1,0,3,2,1.0,1.0,3.0,1.0,Improve,0
17.0,Apple Music,5.0,1,0,0,Metal,1,0,134.0,0,1,0,0,0,2,0,0,0,1,3,2,2,2,3,1,10.0,8.0,6.0,7.0,No effect,1
28.0,YouTube Music,1.0,0,0,0,Rock,1,0,120.0,1,0,3,2,0,0,0,0,0,1,1,1,0,0,2,1,6.0,6.0,2.0,0.0,No effect,0
20.0,Spotify,3.0,1,0,0,Rock,1,1,170.0,0,0,1,0,0,1,0,2,0,1,1,2,2,1,3,2,6.0,7.0,0.0,0.0,Improve,0
21.0,YouTube Music,2.0,1,1,0,Metal,1,1,107.0,2,1,0,3,0,0,1,0,0,1,3,1,0,1,2,3,8.0,4.0,10.0,0.0,No effect,1
41.0,Spotify,3.0,1,0,0,Pop,0,1,113.0,2,0,1,1,1,3,2,1,1,0,1,3,3,2,3,0,9.0,7.0,6.0,2.0,No effect,1
20.0,Spotify,2.0,1,1,0,Pop,1,0,126.0,0,0,2,0,0,1,0,0,0,0,0,3,0,1,3,2,7.0,4.0,6.0,5.0,Improve,1
34.0,Other streaming service,4.0,1,0,0,Metal,1,1,161.0,1,0,2,0,0,2,1,0,0,0,3,1,0,2,2,1,6.0,7.0,0.0,0.0,No effect,0
21.0,YouTube Music,3.0,1,0,1,Metal,1,0,120.0,2,1,0,2,0,0,0,0,0,0,3,3,0,0,3,1,10.0,0.0,10.0,10.0,Improve,1
23.0,Spotify,2.0,1,0,0,Metal,1,1,100.0,1,0,0,1,0,0,0,0,0,2,3,1,0,0,2,1,6.0,3.0,0.0,1.0,Improve,0
16.0,Spotify,3.0,0,0,0,Pop,0,0,140.0,1,0,0,0,0,2,1,0,1,0,0,3,2,1,0,0,7.0,5.0,5.0,3.0,Improve,1
19.0,YouTube Music,4.0,1,0,0,Pop,1,0,156.0,1,1,1,1,0,2,1,1,0,0,1,3,1,2,2,2,7.0,10.0,5.0,0.0,Improve,1
22.0,Spotify,2.0,1,1,0,Rock,1,1,98.0,2,0,0,1,0,2,2,0,2,1,1,3,2,2,3,2,8.0,6.0,0.0,0.0,Improve,1
19.0,Spotify,8.0,1,0,0,K pop,1,1,100.0,3,0,1,0,0,2,2,3,0,3,0,3,2,1,1,1,4.0,3.0,0.0,0.0,Improve,0
23.0,Spotify,4.0,1,0,0,Hip hop,1,1,78.0,1,0,2,2,0,3,1,3,2,3,1,3,3,3,2,2,7.0,6.0,7.0,5.0,Improve,1
23.0,Spotify,2.0,0,1,0,Metal,0,1,117.0,0,0,1,0,0,1,1,0,0,0,3,0,0,1,2,0,7.0,3.0,2.0,3.0,Improve,1
22.0,Spotify,1.0,0,0,1,EDM,1,0,128.0,0,0,3,0,1,2,2,0,0,0,0,3,3,2,2,0,2.0,7.0,5.0,0.0,Improve,0
17.0,Spotify,3.0,1,0,0,Rock,1,0,130.0,1,2,2,2,0,1,1,1,0,3,2,3,3,2,3,2,7.0,8.0,6.0,5.0,Improve,1
28.0,Spotify,0.5,0,0,0,Folk,1,0,130.0,1,2,0,3,0,1,1,0,0,0,0,2,0,1,3,1,4.0,7.0,1.0,0.0,Improve,0
23.0,Spotify,2.0,0,0,0,Rock,1,1,120.0,0,0,0,0,0,2,0,2,0,0,3,3,0,2,3,2,7.0,8.0,5.0,1.0,No effect,1
19.0,Apple Music,3.0,1,0,0,Rock,1,1,126.0,0,2,2,0,0,3,0,0,0,1,1,1,1,2,3,2,5.0,2.0,8.0,6.0,Improve,0
17.0,Spotify,2.0,1,1,1,Hip hop,1,1,122.0,1,0,2,2,0,3,2,1,1,1,3,1,1,3,3,0,10.0,7.0,4.0,2.0,Improve,1
21.0,YouTube Music,1.0,0,0,0,Rock,1,0,179.0,0,1,0,1,0,2,1,0,0,3,2,1,2,2,3,1,6.0,5.0,0.0,0.0,No effect,0
29.0,Other streaming service,5.0,1,0,0,Jazz,1,1,200.0,1,0,0,1,0,0,3,0,1,1,1,0,2,0,3,2,7.0,2.0,3.0,1.0,Improve,1
22.0,Spotify,10.0,0,1,1,EDM,0,1,128.0,2,2,3,3,0,0,1,0,0,0,1,0,1,0,2,2,4.0,7.0,7.0,3.0,Improve,0
18.0,Spotify,4.0,1,1,1,Pop,1,1,130.0,2,1,2,1,0,1,2,2,2,2,3,3,1,1,3,3,4.0,5.0,6.0,5.0,Improve,0
13.0,Spotify,2.0,1,1,1,Rock,1,0,120.0,1,0,2,3,1,2,0,0,0,2,2,3,1,3,3,3,7.0,10.0,5.0,6.0,Worsen,1
24.0,Spotify,1.0,0,0,0,Metal,1,0,86.0,2,0,1,1,0,1,0,0,0,0,3,2,2,2,3,1,6.0,4.0,5.0,0.0,Improve,0
35.0,Spotify,6.0,1,0,0,Rock,1,1,166.0,2,1,2,3,0,1,2,1,1,2,2,2,1,1,3,2,4.0,1.0,3.0,1.0,No effect,0
29.0,YouTube Music,1.0,1,1,0,Video game music,1,0,110.0,2,0,0,1,2,0,1,0,0,0,0,2,1,0,2,2,6.0,6.0,1.0,2.0,Improve,0
28.0,Spotify,6.0,1,0,0,Rock,0,0,144.0,2,1,0,2,0,1,1,0,1,1,2,2,2,1,3,3,10.0,8.0,7.0,1.0,Improve,1
32.0,Spotify,7.0,1,0,0,Pop,1,1,120.0,2,0,1,0,0,2,1,0,0,1,1,3,3,3,3,3,10.0,8.0,2.0,8.0,Improve,1
32.0,Other streaming service,1.0,0,0,0,EDM,1,0,120.0,1,0,3,1,1,2,1,0,1,1,0,2,1,1,1,0,3.0,6.0,2.0,0.0,No effect,0
21.0,Spotify,3.0,1,1,0,Rock,1,0,160.0,0,0,0,3,0,2,0,0,0,2,3,1,0,1,3,2,8.0,9.0,2.0,0.0,Improve,1
18.0,Spotify,2.0,1,1,0,Video game music,0,1,101.0,0,0,2,0,0,1,0,0,0,1,0,1,0,0,2,3,8.0,3.0,8.0,7.0,Improve,1
19.0,Spotify,3.0,1,1,0,Classical,1,0,122.0,3,1,0,0,0,0,0,1,0,2,0,3,0,0,1,2,3.0,3.0,1.0,2.0,Improve,0
18.0,Apple Music,2.0,1,1,0,Pop,1,1,120.0,1,1,0,0,0,1,0,3,1,1,1,3,1,1,1,0,6.0,5.0,2.0,0.0,Improve,0
16.0,YouTube Music,3.0,1,0,1,Pop,0,0,120.0,1,2,2,0,0,1,0,2,0,2,0,3,0,1,3,1,0.0,0.0,4.0,0.0,No effect,0
25.0,Spotify,1.5,1,0,0,Pop,0,0,61.0,2,1,1,2,0,1,0,0,0,1,1,3,3,1,3,0,6.0,5.0,0.0,2.0,Improve,0
17.0,Spotify,4.0,1,0,0,Lofi,1,1,79.0,3,0,0,0,2,2,1,2,0,3,0,3,2,2,1,3,3.0,8.0,0.0,0.0,Improve,0
16.0,Spotify,2.0,1,0,0,Rap,1,1,126.0,3,0,0,0,0,3,0,2,0,1,0,3,3,3,0,2,1.0,8.0,0.0,0.0,No effect,0
27.0,Spotify,10.0,1,0,0,Metal,1,1,185.0,2,0,2,0,0,2,1,0,0,1,3,3,1,2,3,1,5.0,6.0,6.0,3.0,Improve,0
53.0,Spotify,7.0,1,0,0,Pop,1,1,92.0,3,2,3,1,1,2,2,1,2,1,1,3,3,1,3,1,0.0,0.0,0.0,0.0,Improve,0
25.0,Spotify,1.0,1,0,0,EDM,0,0,107.0,0,0,3,0,0,1,0,1,0,1,0,0,0,0,1,1,0.0,8.0,0.0,0.0,Improve,0
34.0,Spotify,2.0,0,0,0,Metal,0,0,120.0,0,0,1,0,0,0,0,0,0,0,3,1,0,0,2,0,3.0,7.0,0.0,0.0,Improve,0
22.0,Other streaming service,6.0,1,1,1,Jazz,1,1,140.0,2,1,3,3,1,3,3,1,2,2,2,3,3,3,2,2,8.0,8.0,8.0,5.0,Improve,1
17.0,Spotify,2.0,1,1,1,Jazz,1,0,94.0,2,0,0,0,0,1,2,0,0,1,2,3,0,1,3,1,5.0,2.0,3.0,4.0,Improve,0
26.0,Spotify,3.0,1,1,0,Folk,1,0,160.0,1,1,0,3,1,1,2,0,0,1,1,2,2,1,2,2,8.0,8.0,3.0,0.0,Improve,1
19.0,Spotify,8.0,1,0,0,EDM,1,0,174.0,0,0,3,0,0,2,0,1,0,0,1,2,2,2,2,0,6.0,8.0,8.0,0.0,Improve,0
21.0,Spotify,3.0,1,0,0,Pop,1,1,136.0,1,3,2,1,0,3,1,0,3,2,1,3,3,3,2,2,6.0,8.0,6.0,0.0,Worsen,0
32.0,Spotify,3.0,1,1,1,Rock,1,1,144.0,1,1,2,3,0,2,1,0,2,3,1,2,3,1,3,1,6.0,6.0,7.0,5.0,Improve,0
21.0,I do not use a streaming service.,3.0,1,0,0,Rock,0,0,77.0,0,0,0,2,2,2,2,0,1,0,1,1,1,2,3,3,9.0,10.0,3.0,0.0,No effect,1
25.0,Spotify,2.0,0,1,0,Pop,0,0,120.0,1,0,0,1,0,2,0,0,2,0,0,3,2,3,3,1,7.0,7.0,5.0,0.0,Improve,1
26.0,Spotify,1.0,0,0,0,Rock,0,0,120.0,1,0,1,1,0,1,1,0,0,1,2,2,1,2,3,0,10.0,7.0,2.0,8.0,No effect,1
21.0,Spotify,2.0,1,1,0,Metal,1,1,120.0,1,0,0,2,0,1,0,0,0,1,3,1,0,1,3,2,1.0,3.0,0.0,6.0,No effect,0
17.0,Spotify,2.0,1,1,0,Pop,0,1,120.0,1,0,0,0,0,1,3,3,0,3,0,3,3,2,0,2,5.0,3.0,2.0,1.0,Improve,0
28.0,I do not use a streaming service.,4.0,1,0,0,Rock,1,1,194.0,1,2,1,1,0,2,2,1,0,0,2,2,1,1,3,2,6.0,8.0,1.0,6.0,Improve,0
41.0,YouTube Music,4.0,1,0,0,Pop,1,0,60.0,1,0,2,3,0,3,2,1,1,2,1,3,3,2,3,1,7.0,2.0,0.0,7.0,Improve,1
18.0,Spotify,1.0,1,1,0,Metal,1,1,190.0,1,0,1,0,0,2,0,0,0,0,3,1,0,2,3,2,6.0,9.0,9.0,0.0,Improve,0
22.0,Spotify,2.0,0,0,0,R&B,0,1,87.0,2,0,0,0,0,1,0,3,3,2,0,2,3,1,1,2,1.0,1.0,4.0,1.0,No effect,0
18.0,Other streaming service,2.0,1,0,0,K pop,0,1,122.0,1,0,0,0,0,0,0,3,0,1,0,3,2,0,0,0,0.0,2.0,0.0,0.0,Improve,0
49.0,Other streaming service,1.0,1,0,0,EDM,1,0,156.0,2,0,3,2,0,2,1,1,1,2,2,2,1,1,3,2,8.0,8.0,2.0,0.0,Improve,1
21.0,Spotify,3.0,1,1,1,Metal,1,0,150.0,2,1,1,2,0,1,1,1,0,2,3,3,1,2,3,2,3.0,3.0,7.0,0.0,No effect,0
27.0,Spotify,10.0,1,0,0,Metal,1,1,194.0,0,1,2,2,0,2,1,1,1,2,3,3,2,2,3,2,8.0,8.0,3.0,0.0,Improve,1
19.0,Spotify,1.0,0,0,1,Metal,1,1,160.0,0,0,0,0,0,1,0,0,0,2,3,2,1,1,3,0,6.0,4.0,0.0,3.0,No effect,0
27.0,Spotify,3.0,1,0,0,Metal,1,1,171.0,2,0,0,1,0,2,1,0,0,1,3,0,1,2,2,1,1.0,0.0,0.0,0.0,Improve,0
27.0,Spotify,1.5,1,0,0,Rock,0,0,95.0,0,0,0,1,0,2,0,1,0,1,3,2,0,2,3,2,5.0,5.0,4.0,4.0,Improve,0
19.0,Spotify,3.0,1,1,0,K pop,1,1,114.0,2,0,0,3,1,1,1,3,0,2,0,2,2,1,2,2,8.0,9.0,6.0,0.0,Improve,1
42.0,YouTube Music,2.5,1,1,0,Rock,0,1,148.0,2,1,3,1,0,2,3,0,1,1,2,1,1,1,2,1,8.0,8.0,7.0,6.0,Improve,1
60.0,Pandora,2.0,1,0,0,Gospel,0,0,119.0,1,2,0,1,3,0,0,0,1,0,0,2,1,0,2,0,3.0,0.0,2.0,0.0,Improve,0
19.0,YouTube Music,5.0,1,0,0,Metal,0,1,136.0,2,1,1,2,2,2,1,0,0,3,3,0,0,2,3,2,0.0,5.0,1.0,0.0,No effect,0
20.0,Apple Music,2.0,1,0,0,Pop,1,0,141.0,1,0,0,1,0,2,1,0,0,2,0,3,2,1,2,1,6.0,3.0,0.0,0.0,Improve,0
28.0,Spotify,2.0,0,0,1,Metal,0,0,146.0,1,0,0,1,0,1,0,0,0,0,3,1,0,0,2,1,1.0,7.0,5.0,1.0,Improve,0
16.0,I do not use a streaming service.,2.0,0,1,1,Video game music,1,0,120.0,2,1,0,0,1,2,2,1,0,2,0,2,2,1,1,2,4.0,2.0,1.0,1.0,No effect,0
18.0,Spotify,2.0,1,0,0,R&B,0,1,164.0,2,0,0,0,0,1,0,0,0,1,0,3,3,1,0,0,5.0,6.0,0.0,1.0,No effect,0
34.0,Spotify,1.0,1,0,0,Rock,1,1,120.0,1,0,3,0,0,0,0,3,0,1,3,1,0,0,3,3,1.0,0.0,0.0,0.0,No effect,0
18.0,YouTube Music,1.5,1,0,0,Pop,1,0,120.0,0,1,1,0,0,1,3,2,1,3,0,3,2,1,1,3,8.0,6.0,5.0,2.0,Improve,1
21.0,Spotify,5.0,1,1,1,Folk,1,1,128.0,2,1,0,3,1,1,2,0,1,2,1,3,2,1,3,1,9.0,4.0,0.0,3.0,Improve,1
38.0,Spotify,0.5,0,0,0,Rock,1,1,120.0,0,0,1,2,1,2,1,0,2,0,0,3,2,1,3,0,4.0,6.0,6.0,4.0,Improve,0
17.0,Spotify,2.0,1,0,0,Rock,0,1,120.0,0,1,1,1,0,0,0,1,0,2,1,2,0,1,3,3,7.0,3.0,1.0,5.0,Improve,1
35.0,Other streaming service,0.5,0,0,0,Pop,0,0,120.0,2,0,0,2,0,0,0,0,0,1,0,3,1,0,2,1,10.0,3.0,1.0,0.0,No effect,1
21.0,I do not use a streaming service.,2.0,1,0,0,Rock,0,1,101.0,1,2,1,2,0,3,1,0,3,3,3,3,3,3,3,1,8.0,8.0,3.0,0.0,Improve,1
25.0,Apple Music,2.5,1,0,0,R&B,0,0,120.0,1,0,0,1,1,2,1,0,3,3,1,2,3,2,2,2,7.0,6.0,5.0,4.0,Improve,1
18.0,Spotify,2.0,1,1,0,K pop,1,1,98.0,3,0,0,1,1,2,2,3,1,3,0,2,3,2,0,1,7.0,2.0,3.0,5.0,Improve,1
16.0,Apple Music,2.0,0,0,0,Pop,1,0,145.0,0,2,1,2,1,1,0,1,0,2,0,3,1,1,3,1,10.0,3.5,5.0,10.0,Improve,1
19.0,Spotify,1.0,1,0,0,Pop,1,1,94.0,1,2,1,1,0,2,1,0,0,1,1,3,2,2,3,0,7.0,5.0,1.0,2.0,Improve,1
31.0,Spotify,4.0,1,1,0,Classical,0,1,103.0,3,0,1,0,1,2,1,0,2,0,2,1,0,2,2,0,6.0,8.0,9.0,5.0,Improve,0
26.0,Spotify,5.0,1,0,0,Rock,0,0,120.0,0,0,2,0,0,0,0,0,0,0,0,3,0,0,3,0,2.0,9.0,2.0,1.0,No effect,0
16.0,Spotify,2.0,1,1,1,Rock,0,0,112.0,1,0,3,1,0,0,0,0,0,1,1,2,1,0,3,3,7.0,4.0,10.0,2.0,Improve,1
26.0,Spotify,2.0,1,1,0,Rock,1,1,120.0,3,1,1,3,0,1,0,0,0,2,2,1,0,1,3,3,7.0,5.0,6.0,0.0,Improve,1
17.0,Spotify,2.0,1,0,0,R&B,1,1,118.0,1,1,0,0,2,2,1,3,0,1,0,2,3,2,0,1,6.0,1.0,0.0,0.0,Improve,0
22.0,Spotify,1.0,1,1,0,Video game music,1,1,120.0,2,2,1,3,0,0,0,1,1,0,3,1,0,0,3,3,3.0,6.0,1.0,1.0,Improve,0
20.0,Apple Music,4.0,1,0,0,R&B,1,1,113.0,2,1,0,1,0,2,2,1,0,1,0,2,3,3,3,1,9.0,10.0,3.0,0.0,Improve,1
30.0,Spotify,1.0,0,1,0,Rock,1,0,162.0,2,2,1,2,0,1,0,0,0,0,2,2,0,1,3,0,8.0,5.0,8.0,9.0,Improve,1
26.0,Other streaming service,4.0,1,0,0,Pop,0,0,120.0,1,3,1,0,0,1,1,0,2,0,1,3,1,0,2,0,8.0,7.0,7.0,3.0,Improve,1
19.0,Spotify,5.0,1,0,0,Rock,1,1,111.0,2,1,0,2,1,1,2,1,1,1,3,2,1,1,3,2,9.0,9.0,9.0,3.0,No effect,1
21.0,Spotify,5.0,1,0,0,Country,1,0,85.0,0,3,1,2,0,1,0,0,0,0,2,2,0,1,3,0,9.0,8.0,9.0,7.0,Improve,1
33.0,Spotify,7.0,1,0,0,Rock,1,1,134.0,1,2,2,2,1,3,1,1,2,2,2,3,3,3,3,2,9.0,3.0,7.0,8.0,Improve,1
28.0,YouTube Music,2.0,1,0,0,Rock,1,0,172.0,0,1,1,1,0,2,0,1,0,2,1,2,3,1,3,1,10.0,8.0,6.0,2.0,Improve,1
25.0,Spotify,3.0,1,0,0,Rock,1,1,180.0,1,0,2,2,0,1,0,1,0,2,3,2,1,1,3,2,9.0,6.0,3.0,0.0,Improve,1
22.0,YouTube Music,2.0,1,0,0,Pop,0,0,120.0,1,0,1,1,1,1,1,0,0,1,0,3,1,1,2,2,7.0,7.0,8.0,3.0,Improve,1
19.0,Spotify,3.0,1,0,1,Rock,1,1,76.0,2,0,2,2,0,0,0,0,0,1,1,1,1,0,3,1,9.0,10.0,4.0,0.0,Improve,1
44.0,Other streaming service,3.0,1,0,0,Folk,1,1,130.0,1,1,1,3,1,2,1,0,1,2,0,1,2,2,1,2,9.0,9.0,8.0,2.0,Improve,1
22.0,Spotify,3.0,1,0,0,Rock,0,0,120.0,0,1,0,3,0,1,0,0,0,0,3,1,0,0,3,1,9.0,10.0,3.0,9.0,Improve,1
26.0,Spotify,5.0,1,1,1,Metal,1,1,109.0,2,1,3,1,1,1,2,2,0,1,3,2,2,1,2,2,10.0,9.0,8.0,8.0,Improve,1
23.0,I do not use a streaming service.,6.0,1,0,1,Classical,0,1,96.0,3,0,0,1,0,0,0,0,1,0,0,1,0,0,0,1,6.0,5.0,6.0,8.0,Improve,0
17.0,Spotify,2.0,0,0,0,R&B,0,1,148.0,2,0,1,0,0,3,1,1,0,1,0,2,3,2,0,1,8.0,6.0,10.0,3.0,Improve,1
42.0,YouTube Music,2.0,0,0,0,Metal,1,0,120.0,2,1,2,1,0,2,0,0,0,0,3,2,2,2,3,1,8.0,3.0,6.0,4.0,Improve,1
30.0,Spotify,1.0,0,1,0,Rock,1,0,129.0,1,0,1,1,0,1,1,0,1,1,1,3,1,1,3,1,4.0,2.0,1.0,3.0,Improve,0
35.0,Spotify,1.0,1,0,0,Pop,1,1,81.0,2,1,2,1,0,2,1,1,0,0,0,3,1,1,2,1,2.0,1.0,1.0,1.0,No effect,0
20.0,Spotify,3.0,0,0,0,Rock,1,0,136.0,0,3,0,0,0,0,0,0,0,0,3,3,0,2,3,1,10.0,10.0,7.0,3.0,Improve,1
18.0,Spotify,3.0,1,0,0,Rap,1,1,155.0,1,0,0,2,0,3,2,0,2,2,0,3,1,3,3,3,8.0,9.0,0.0,0.0,Improve,1
21.0,Spotify,1.0,0,0,0,Pop,0,1,120.0,0,0,2,0,0,1,0,2,2,1,0,3,2,1,2,1,4.0,9.0,6.0,2.0,No effect,0
19.0,Spotify,6.0,1,0,0,Rock,1,1,52.0,0,0,1,3,0,1,1,0,3,1,2,3,1,2,3,1,4.0,2.0,0.0,0.0,Improve,0
37.0,Spotify,4.0,1,0,0,Rock,1,0,97.0,1,2,2,2,0,3,1,0,0,2,2,2,3,3,3,0,9.0,2.0,7.0,7.0,Improve,1
31.0,Spotify,2.0,1,0,0,Metal,1,1,92.0,2,1,1,2,0,2,1,1,2,3,3,2,2,2,3,3,8.0,6.0,7.0,5.0,Improve,1
29.0,Spotify,2.0,1,1,0,Folk,1,1,100.0,0,2,1,3,2,1,1,1,1,1,2,1,3,1,3,1,6.0,5.0,4.0,2.0,Improve,0
20.0,Spotify,3.0,1,0,0,Rock,1,1,120.0,2,1,1,3,0,1,2,0,0,2,2,3,1,1,3,2,8.0,5.0,2.0,3.0,Improve,1
36.0,I do not use a streaming service.,8.0,1,1,1,Video game music,0,1,143.0,2,1,2,1,0,1,1,0,0,0,3,1,0,1,2,3,7.0,6.0,6.0,1.0,No effect,1
18.0,Spotify,3.0,1,1,0,Rock,1,0,118.0,2,0,0,1,0,0,2,0,0,1,1,2,0,0,3,1,10.0,2.0,0.0,0.0,Improve,1
18.0,Spotify,2.0,1,0,0,K pop,1,1,130.0,1,0,2,0,0,0,0,3,0,0,1,2,0,0,1,0,6.0,0.0,0.0,0.0,Improve,0
25.0,Spotify,7.0,1,0,0,Pop,0,1,120.0,0,2,3,1,1,2,0,3,1,1,1,3,2,2,1,2,2.0,0.0,1.0,0.0,Improve,0
18.0,YouTube Music,12.0,1,0,0,K pop,1,1,126.0,0,0,0,0,0,2,0,3,2,0,1,3,2,2,1,0,3.0,7.0,5.0,2.0,Improve,0
31.0,YouTube Music,9.0,1,0,0,Pop,1,1,158.0,1,1,1,2,0,0,1,1,1,3,2,3,0,1,2,2,9.0,0.0,2.0,0.0,Improve,1
17.0,Spotify,2.0,1,0,0,Pop,1,1,160.0,1,1,1,1,1,2,2,2,0,0,1,3,1,2,2,0,5.0,4.0,1.0,1.0,Improve,0
21.0,Spotify,1.0,1,0,0,Folk,0,1,120.0,0,1,0,3,0,1,2,0,0,1,1,1,0,0,2,3,8.0,4.0,0.0,1.0,Improve,1
30.0,Other streaming service,1.0,0,0,0,Country,0,0,119.0,0,3,0,0,0,2,0,0,0,0,0,3,1,2,2,1,8.0,10.0,2.0,0.0,Improve,1
40.0,Apple Music,2.0,1,0,0,Metal,1,1,120.0,2,0,2,1,0,1,1,0,0,1,3,1,1,1,3,0,3.0,6.0,2.0,1.0,No effect,0
64.0,I do not use a streaming service.,4.0,1,0,0,Rock,0,0,200.0,2,1,2,1,0,1,2,1,1,0,1,2,1,1,2,1,4.0,4.0,2.0,1.0,Improve,0
14.0,Spotify,2.0,1,1,0,Rock,1,1,136.0,1,0,0,2,0,2,1,0,0,0,2,3,1,2,3,1,7.0,5.0,2.0,6.0,Improve,1
26.0,YouTube Music,6.0,1,0,0,Rock,1,0,104.0,2,0,0,1,0,1,2,0,0,0,1,2,0,1,3,0,3.0,2.0,0.0,0.0,No effect,0
35.0,Spotify,4.0,1,1,1,Country,1,1,90.0,1,3,1,2,1,3,2,1,2,2,2,2,1,2,3,0,9.0,9.0,5.0,1.0,Improve,1
33.0,Other streaming service,1.0,0,0,0,Rock,0,0,120.0,0,0,0,0,0,2,0,0,1,0,0,2,1,1,3,0,3.0,10.0,4.0,1.0,No effect,0
30.0,Spotify,6.0,1,0,0,Folk,1,1,89.0,2,1,0,3,1,0,1,0,0,2,2,1,0,0,3,0,9.0,0.0,5.0,0.0,No effect,1
31.0,Spotify,2.0,0,1,0,Metal,1,1,95.0,2,2,2,1,0,1,0,0,0,1,3,3,1,2,3,2,7.0,6.0,6.0,5.0,Improve,1
27.0,Spotify,5.0,1,0,1,Folk,1,1,140.0,1,0,2,3,2,1,1,2,2,3,2,3,2,0,3,3,0.0,9.0,4.0,0.0,Improve,0
53.0,I do not use a streaming service.,1.5,0,0,0,Pop,1,1,92.0,1,0,3,2,0,2,0,1,2,0,0,3,1,2,2,0,2.0,2.0,2.0,1.0,No effect,0
23.0,Spotify,5.0,1,1,1,Metal,1,1,120.0,2,1,0,1,0,0,1,0,0,0,3,1,0,0,3,0,6.0,9.0,2.0,1.0,Improve,0
25.0,Spotify,2.0,1,0,1,EDM,1,0,128.0,1,1,3,1,0,2,2,2,0,1,3,3,1,2,3,1,6.0,4.0,1.0,0.0,Improve,0
16.0,Apple Music,4.0,1,1,0,K pop,1,1,140.0,3,1,1,2,1,3,2,3,2,3,3,3,2,1,2,1,8.0,9.0,4.0,0.0,Improve,1
18.0,Spotify,2.0,1,1,1,Rock,1,0,120.0,0,0,1,1,0,1,0,0,0,1,0,1,0,1,3,0,6.0,7.0,4.0,3.0,Improve,0
29.0,Spotify,5.0,1,1,1,Classical,1,1,120.0,3,0,0,1,0,0,1,0,0,0,1,2,1,0,2,0,7.0,2.0,2.0,0.0,Improve,1
31.0,YouTube Music,6.0,1,0,0,EDM,1,1,136.0,1,1,3,1,0,2,0,0,0,1,1,2,2,2,2,2,8.0,6.0,5.0,6.0,No effect,1
31.0,Spotify,1.0,0,0,0,Rock,0,1,132.0,2,1,0,0,0,1,0,0,2,0,2,1,1,1,3,2,3.0,10.0,0.0,0.0,Worsen,0
38.0,Spotify,6.0,1,1,0,Pop,1,1,107.0,3,2,2,2,2,3,3,1,2,2,1,3,3,3,2,0,9.0,4.0,9.0,7.0,Improve,1
17.0,Spotify,4.0,0,1,0,Classical,1,1,135.0,3,0,0,0,0,3,3,1,3,2,2,1,2,1,0,1,7.0,9.0,2.0,8.0,Worsen,1
25.0,Apple Music,2.0,0,0,0,EDM,0,1,171.0,0,2,3,1,0,0,0,0,0,0,1,2,0,0,3,1,10.0,3.0,1.0,4.0,Improve,1
20.0,Spotify,2.0,0,1,1,Metal,0,1,220.0,1,0,0,0,0,0,1,0,0,0,3,0,0,1,2,1,0.0,0.0,0.0,1.0,No effect,0
15.0,Spotify,2.0,1,0,0,EDM,0,0,171.0,0,0,3,0,0,2,0,0,0,0,0,1,1,2,0,1,9.0,6.0,1.0,7.0,No effect,1
16.0,Spotify,4.0,1,0,1,Lofi,1,0,85.0,1,1,3,1,0,1,1,0,0,3,1,2,0,1,1,3,7.0,1.0,3.0,5.0,Improve,1
20.0,Spotify,2.0,1,1,0,EDM,0,1,174.0,2,0,3,0,0,2,0,2,0,0,0,2,0,0,2,2,9.0,7.0,5.0,7.0,Improve,1
23.0,Other streaming service,6.0,1,0,0,Rap,1,1,87.0,0,0,2,2,0,1,0,2,2,0,0,3,3,2,1,0,3.0,1.0,2.0,7.0,Improve,0
22.0,Spotify,3.0,1,0,0,Hip hop,1,1,77.0,1,0,2,1,0,3,1,0,2,1,2,3,2,3,2,1,6.0,6.0,8.0,0.0,Improve,0
15.0,I do not use a streaming service.,5.0,1,0,0,Rock,1,1,126.0,1,0,3,1,0,0,0,0,0,2,1,3,0,0,3,2,10.0,6.0,0.0,4.0,Improve,1
17.0,I do not use a streaming service.,0.5,1,1,0,Video game music,0,1,136.0,1,2,2,0,0,0,1,0,0,0,1,2,1,1,2,3,6.0,3.0,1.0,1.0,Improve,0
22.0,YouTube Music,1.0,1,0,0,Video game music,1,1,80.0,1,0,1,2,0,1,0,0,0,2,0,1,0,0,1,3,3.0,3.0,0.0,7.0,No effect,0
21.0,Spotify,10.0,1,0,0,Metal,1,1,92.0,0,1,1,0,0,3,0,1,0,0,3,2,2,3,3,2,9.0,10.0,2.0,2.0,No effect,1
19.0,Spotify,2.0,1,0,0,Pop,0,1,120.0,1,0,2,1,0,1,2,2,2,2,0,3,3,2,3,3,7.0,5.0,0.0,2.0,No effect,1
32.0,Apple Music,0.5,0,0,0,Classical,1,0,120.0,3,0,2,1,0,0,1,0,0,0,2,1,0,0,3,1,3.0,0.0,4.0,4.0,No effect,0
34.0,YouTube Music,1.0,0,0,0,Rock,0,1,138.0,1,0,0,2,0,1,0,0,1,0,0,1,0,2,3,0,9.0,9.0,6.0,4.0,Improve,1
18.0,I do not use a streaming service.,2.0,1,1,0,Metal,1,1,150.0,2,0,1,0,0,0,0,0,0,0,3,1,0,1,3,2,5.0,7.0,7.0,2.0,Improve,0
21.0,Spotify,3.0,1,0,0,Country,1,0,108.0,1,3,0,2,1,1,0,0,0,0,1,2,0,0,3,2,0.0,8.0,0.0,5.0,Improve,0
20.0,Spotify,3.0,0,0,0,Country,1,1,119.0,1,3,1,2,0,2,1,2,0,0,0,3,3,1,2,0,8.0,4.0,3.0,4.0,Improve,1
19.0,Spotify,2.0,1,0,0,Country,1,0,125.0,1,3,1,2,1,0,0,0,1,1,2,1,0,0,2,0,7.0,2.0,0.0,7.0,No effect,1
25.0,I do not use a streaming service.,1.0,0,0,0,Pop,0,1,120.0,1,0,0,1,0,1,1,0,0,1,1,3,1,1,3,3,9.0,9.0,6.0,9.0,No effect,1
31.0,Spotify,8.0,1,1,0,Classical,1,1,120.0,3,0,1,1,0,0,2,0,0,0,0,0,0,0,1,1,5.0,7.0,5.0,4.0,Improve,0
21.0,Spotify,1.0,1,1,0,Pop,1,1,85.0,3,1,1,2,0,1,0,2,0,1,3,3,2,3,2,3,5.0,1.0,0.0,0.0,Improve,0
31.0,YouTube Music,1.0,0,0,1,Folk,1,1,113.0,3,0,0,2,0,1,0,0,1,0,0,0,0,0,2,0,4.0,1.0,3.0,0.0,Improve,0
20.0,YouTube Music,1.0,0,0,0,Pop,1,0,86.0,1,0,0,1,0,0,0,0,0,1,1,3,0,0,2,0,3.0,5.0,3.0,0.0,Improve,0
19.0,Spotify,5.0,1,1,0,Rock,1,0,141.0,2,1,0,0,0,1,2,0,0,0,3,2,2,1,3,0,2.0,2.0,0.0,6.0,Improve,0
19.0,Other streaming service,5.0,1,0,0,EDM,1,1,97.0,1,0,3,2,0,2,1,0,2,3,3,1,0,3,2,1,0.0,1.0,3.0,5.0,Improve,0
23.0,Spotify,4.0,1,0,0,Metal,1,1,120.0,1,2,2,0,0,2,0,1,0,2,3,3,3,3,3,1,7.0,8.0,6.0,2.0,Improve,1
24.0,I do not use a streaming service.,8.0,1,0,1,Video game music,1,0,120.0,2,1,3,1,1,3,3,1,1,3,3,1,1,2,3,3,6.0,4.0,8.0,8.0,Improve,0
20.0,Other streaming service,0.7,0,0,0,Rock,0,0,144.0,1,0,0,0,0,0,0,0,0,2,1,3,1,0,3,1,5.0,6.0,8.0,2.0,Improve,0
15.0,Spotify,3.0,0,0,0,Video game music,0,0,84.0,1,1,2,1,1,2,1,0,0,3,1,3,0,0,3,3,6.0,6.0,2.0,6.0,No effect,0
17.0,Spotify,7.0,1,0,0,Hip hop,0,1,84.0,0,0,1,0,1,3,0,0,0,1,1,1,1,3,1,1,8.0,9.0,3.0,4.0,Improve,1
20.0,I do not use a streaming service.,1.5,0,1,1,Video game music,0,1,60.0,3,0,0,1,1,0,0,0,2,0,0,0,0,0,0,3,8.0,4.0,3.0,3.0,Worsen,1
14.0,Spotify,4.0,1,1,1,Video game music,1,1,81.0,2,0,2,1,0,1,2,2,0,3,0,2,1,1,0,3,8.0,6.0,5.0,7.0,Improve,1
24.0,Spotify,4.0,1,0,0,Metal,1,1,150.0,2,1,0,1,1,1,0,0,0,0,3,2,1,1,3,0,8.0,8.0,7.0,7.0,Improve,1
14.0,Other streaming service,10.0,1,0,1,Video game music,0,0,95.0,1,0,2,0,0,2,1,0,0,3,2,0,0,2,1,3,5.0,2.0,5.0,0.0,Improve,0
23.0,Spotify,2.0,1,1,1,Rock,1,0,138.0,3,0,1,1,0,2,2,0,1,1,1,2,2,2,3,2,6.0,8.0,4.0,2.0,No effect,0
28.0,Apple Music,2.0,1,0,0,Rock,0,0,120.0,1,0,0,1,0,0,2,1,0,2,1,2,1,0,3,1,7.0,5.0,2.0,1.0,No effect,1
22.0,Spotify,6.0,1,0,0,Jazz,1,1,140.0,2,1,3,1,1,1,3,2,0,2,2,2,2,1,3,2,8.0,8.0,7.0,1.0,Improve,1
25.0,Spotify,0.5,1,1,0,Rock,1,1,139.0,1,0,3,0,0,1,0,1,0,0,1,2,1,1,3,2,10.0,2.0,0.0,0.0,Improve,1
27.0,Spotify,2.0,1,1,1,Pop,1,1,100.0,2,1,3,0,0,2,3,3,2,2,2,3,3,1,2,2,8.0,7.0,7.0,5.0,Improve,1
18.0,Spotify,5.0,1,0,0,Rock,1,1,120.0,1,0,1,1,0,1,0,1,0,1,2,3,1,2,3,3,8.0,8.0,8.0,6.0,Improve,1
17.0,Apple Music,3.0,1,1,1,Pop,1,0,120.0,1,1,0,2,0,2,3,0,1,0,2,3,3,3,3,0,8.0,10.0,9.0,2.0,Improve,1
23.0,Other streaming service,4.5,1,0,0,Rock,0,1,120.0,2,1,0,2,1,2,1,1,0,1,2,2,1,2,3,2,6.0,1.0,8.0,4.0,No effect,0
40.0,Other streaming service,3.0,1,0,0,Rock,1,1,178.0,2,0,0,0,0,0,1,0,0,1,2,2,1,0,2,0,0.0,4.0,4.0,0.0,Improve,0
27.0,Spotify,20.0,1,0,0,Rock,1,1,120.0,2,1,2,1,0,1,0,2,1,2,3,1,0,1,3,2,8.0,10.0,10.0,8.0,No effect,1
18.0,Spotify,1.0,0,0,0,Pop,1,0,100.0,1,1,0,1,1,2,0,0,0,0,0,3,1,2,2,1,3.0,2.0,0.0,1.0,No effect,0
16.0,Spotify,2.5,0,1,1,Metal,1,0,110.0,0,0,0,0,0,0,1,0,0,1,3,0,0,1,3,2,5.0,3.0,3.0,1.0,Improve,0
18.0,Spotify,1.0,0,0,0,Rock,1,1,108.0,2,1,0,2,0,2,0,0,0,0,2,2,1,1,3,1,8.0,9.0,6.0,1.0,Improve,1
23.0,Spotify,2.0,0,1,0,Jazz,0,1,120.0,1,1,1,1,1,1,1,1,1,1,1,1,1,1,1,1,10.0,3.0,0.0,10.0,No effect,1
15.0,I do not use a streaming service.,5.0,1,1,0,Metal,1,0,161.0,0,0,1,0,0,0,0,0,0,0,3,1,0,1,2,0,6.0,7.0,8.0,2.0,Improve,0
20.0,Apple Music,3.0,1,1,0,Metal,1,0,200.0,2,1,0,0,0,1,2,0,0,1,3,1,0,1,3,2,7.0,4.0,7.0,0.0,Improve,1
16.0,Spotify,3.0,1,1,0,Rock,1,0,120.0,0,1,0,1,0,0,0,0,2,0,1,1,1,1,3,1,9.0,8.0,6.0,2.0,Improve,1
16.0,Spotify,0.5,0,0,0,Rock,0,1,156.0,2,0,1,0,0,1,1,0,0,0,0,2,0,0,3,2,8.0,0.0,0.0,0.0,Improve,1
20.0,Apple Music,8.0,1,1,1,Country,1,0,120.0,0,3,0,2,0,1,0,0,0,0,0,1,1,1,2,0,8.0,9.0,2.0,5.0,No effect,1
33.0,Spotify,2.0,1,0,0,Metal,1,1,120.0,1,1,0,1,0,2,0,0,0,0,3,0,0,2,2,2,7.0,2.0,3.0,0.0,Improve,1
22.0,Spotify,3.0,1,1,1,Rock,1,1,90.0,0,3,1,2,0,1,2,0,3,0,1,2,3,2,3,0,10.0,10.0,4.0,0.0,Improve,1
21.0,Spotify,3.0,1,0,0,Hip hop,1,1,85.0,0,0,1,0,0,3,1,0,0,2,0,3,3,3,3,0,8.0,8.0,3.0,3.0,Improve,1
21.0,Apple Music,5.0,1,1,0,Metal,1,1,171.0,1,0,2,0,0,3,2,0,0,2,3,1,2,3,2,2,8.0,7.0,7.0,4.0,Improve,1
29.0,Apple Music,1.5,1,0,1,Rock,1,1,108.0,1,0,2,0,0,1,1,0,0,0,1,3,3,3,3,0,8.0,7.0,1.0,2.0,Improve,1
56.0,I do not use a streaming service.,1.0,1,0,0,Pop,0,0,105.0,0,1,0,1,0,0,0,0,0,0,0,2,2,0,2,0,6.0,5.0,10.0,2.0,No effect,0
17.0,Spotify,2.0,1,1,0,Pop,1,0,76.0,2,0,0,0,0,1,1,0,0,1,0,3,1,1,0,1,7.0,6.0,0.0,4.0,Improve,1
22.0,Spotify,1.0,1,0,0,Pop,0,0,108.0,1,1,2,0,0,0,1,0,0,0,0,3,0,0,1,1,7.0,4.0,0.0,0.0,Improve,1
26.0,Spotify,4.0,1,0,0,Pop,1,1,140.0,2,2,1,1,0,2,0,1,0,1,0,3,1,1,3,1,8.0,7.0,2.0,10.0,No effect,1
30.0,Spotify,1.0,1,0,0,EDM,1,1,200.0,0,0,3,0,0,2,0,0,0,0,1,0,0,2,0,0,4.0,4.0,4.0,0.0,Improve,0
49.0,Spotify,2.0,1,0,0,Folk,1,0,147.0,1,1,2,3,0,2,1,0,0,2,1,2,2,2,1,1,0.0,0.0,2.0,0.0,No effect,0
22.0,Spotify,2.0,1,1,1,EDM,1,1,120.0,1,2,3,2,1,2,2,1,1,2,3,2,2,3,2,3,6.0,4.0,0.0,1.0,Improve,0
32.0,Spotify,2.0,0,0,0,Rock,1,0,158.0,0,1,2,1,0,2,0,0,0,2,1,2,2,2,2,0,4.0,7.0,0.0,0.0,Improve,0
32.0,I do not use a streaming service.,1.0,0,0,0,Rock,0,0,110.0,1,2,0,2,0,0,0,0,1,0,2,3,1,0,3,0,8.0,4.0,3.0,0.0,No effect,1
22.0,YouTube Music,6.0,1,0,0,Country,1,0,103.0,0,3,0,1,0,2,0,0,1,0,2,0,0,2,3,1,5.0,5.0,3.0,3.0,Improve,0
17.0,Spotify,2.0,1,0,0,Rock,1,1,93.0,0,1,2,2,1,1,2,1,1,1,3,3,2,2,3,2,0.0,8.0,0.0,0.0,Improve,0
21.0,Spotify,4.0,1,1,0,Rock,1,0,62.0,1,0,0,1,0,0,0,0,0,0,1,3,1,0,3,0,7.0,4.0,6.0,1.0,Improve,1
17.0,Spotify,1.5,1,0,0,Rock,1,1,180.0,3,0,1,1,0,0,0,0,3,1,1,2,2,1,3,1,8.0,7.0,7.0,3.0,No effect,1
25.0,Spotify,3.0,1,0,0,Metal,0,0,150.0,2,2,1,1,0,0,0,0,0,0,3,2,2,0,3,2,9.0,8.0,6.0,2.0,Improve,1
15.0,Spotify,4.0,1,0,1,Rock,1,0,105.0,0,0,1,0,0,1,0,2,0,3,2,3,2,1,3,0,8.0,6.0,4.0,0.0,Improve,1
13.0,Spotify,10.0,1,0,0,Rap,1,0,140.0,0,0,1,0,0,2,0,0,0,2,0,1,1,3,0,1,7.0,2.0,0.0,8.0,Improve,1
38.0,Spotify,3.0,1,0,0,Rock,0,1,120.0,3,1,0,1,0,0,2,0,1,0,3,2,1,0,3,0,6.0,7.0,7.0,7.0,No effect,0
23.0,Apple Music,3.0,0,0,0,Rock,1,0,161.0,1,0,2,2,0,1,0,0,0,1,1,2,0,0,3,2,7.0,6.0,4.0,2.0,Improve,1
17.0,Spotify,3.0,1,0,0,Pop,1,1,120.0,2,2,2,1,1,3,1,3,0,3,0,3,3,3,3,1,1.0,1.0,1.0,0.0,Improve,0
59.0,YouTube Music,2.0,1,0,0,Pop,1,0,103.0,1,0,3,1,0,1,2,1,1,1,0,3,3,1,2,0,1.0,1.0,3.0,0.0,Improve,0
22.0,Spotify,2.0,1,1,1,Pop,1,0,72.0,1,1,0,1,1,2,2,0,1,1,0,3,3,2,2,1,2.0,7.0,1.0,2.0,Improve,0
17.0,Apple Music,3.0,1,0,0,Pop,1,1,113.0,2,1,0,0,0,3,2,3,1,0,0,3,1,3,2,1,6.0,2.0,3.0,1.0,No effect,0
27.0,Spotify,2.0,0,0,0,Pop,0,0,120.0,0,0,0,0,0,0,0,0,0,0,1,3,0,2,2,1,7.0,7.0,3.0,2.0,No effect,1
23.0,Spotify,5.0,1,1,0,Video game music,0,0,95.0,2,0,2,0,0,1,1,1,0,2,1,2,1,2,2,2,8.0,7.0,0.0,3.0,No effect,1
15.0,Spotify,6.0,1,0,0,Rock,0,0,97.0,1,0,2,1,0,2,1,0,0,1,1,2,2,0,3,2,8.0,3.0,5.0,2.0,Improve,1
22.0,Spotify,3.0,1,1,1,EDM,1,0,140.0,1,1,3,2,1,2,1,0,0,1,2,2,2,2,3,3,5.0,4.0,2.0,0.0,Improve,0
23.0,Spotify,5.0,1,0,0,Lofi,1,1,120.0,3,1,2,2,1,1,2,1,1,3,1,3,3,1,3,3,7.0,10.0,10.0,1.0,Improve,1
19.0,Spotify,5.0,1,0,0,Country,1,1,118.0,1,3,0,3,2,1,2,0,3,1,0,2,2,1,2,0,7.0,6.0,8.0,4.0,Improve,1
32.0,Spotify,6.0,1,0,0,Rock,0,0,91.0,0,1,2,0,0,1,1,0,0,0,0,2,1,1,3,1,8.0,7.0,0.0,9.0,Improve,1
40.0,Spotify,6.0,1,0,0,Rock,1,1,128.0,2,2,2,2,1,2,2,0,2,2,1,2,2,2,3,1,10.0,7.0,3.0,3.0,No effect,1
21.0,Spotify,3.0,1,0,0,Country,1,0,86.0,0,3,1,2,1,2,0,0,0,0,1,2,1,2,2,0,6.0,5.0,5.0,3.0,Improve,0
21.0,Spotify,10.0,1,0,0,Rock,1,1,107.0,1,0,3,2,0,1,1,1,1,2,2,3,2,1,3,3,8.0,7.0,6.0,8.0,No effect,1
23.0,Spotify,2.0,1,0,0,Video game music,1,1,180.0,2,0,3,0,0,1,1,2,0,2,0,3,1,2,2,3,10.0,7.0,7.0,3.0,Worsen,1
21.0,YouTube Music,2.0,1,0,0,EDM,0,1,120.0,1,1,3,1,1,1,0,0,0,2,1,2,1,1,2,3,10.0,10.0,5.0,7.0,Improve,1
35.0,Spotify,3.0,0,1,0,Folk,1,0,0.0,2,2,0,2,0,0,1,0,0,1,0,1,0,0,2,2,8.0,2.0,2.0,8.0,No effect,1
18.0,Spotify,1.5,0,0,0,Hip hop,0,0,150.0,0,0,0,0,0,2,2,0,0,2,0,3,0,2,2,0,3.0,7.0,4.0,0.0,Improve,0
21.0,I do not use a streaming service.,10.0,1,0,0,Pop,1,0,112.0,0,1,0,0,0,1,0,0,0,0,0,2,1,0,2,0,9.0,7.0,5.0,5.0,Improve,1
22.0,I do not use a streaming service.,2.0,1,0,0,Video game music,0,1,120.0,0,0,1,0,0,2,1,0,1,0,0,3,0,1,2,3,5.0,3.0,0.0,0.0,Improve,0
23.0,Spotify,3.0,1,1,1,Rock,1,1,66.0,1,1,0,3,0,2,2,0,0,0,3,3,3,2,3,0,10.0,7.0,0.0,10.0,Improve,1
13.0,Spotify,2.5,1,0,0,Folk,0,0,118.0,0,2,0,3,0,0,0,0,0,0,0,3,0,0,0,0,8.0,0.0,0.0,3.0,Improve,1
19.0,Spotify,3.0,1,0,0,K pop,1,1,110.0,2,1,1,2,0,1,0,3,0,2,0,3,3,3,3,0,6.0,0.0,3.0,0.0,Improve,0
33.0,YouTube Music,0.5,1,1,0,Rock,0,0,80.0,2,0,1,0,0,0,1,0,0,1,2,1,0,0,2,1,7.0,9.0,4.0,6.0,Improve,1
18.0,Spotify,16.0,1,0,1,Jazz,1,1,90.0,2,2,2,2,2,3,3,3,3,3,3,3,3,3,3,1,3.0,2.0,5.0,6.0,Improve,0
17.0,YouTube Music,6.0,1,1,0,Classical,1,1,120.0,3,1,0,0,0,1,2,1,0,2,0,3,0,0,0,1,4.0,2.0,0.0,0.0,Improve,0
16.0,Spotify,3.0,1,0,0,EDM,1,1,100.0,1,0,3,0,0,3,2,3,0,1,2,3,1,3,3,3,4.0,2.0,0.0,0.0,Improve,0
18.0,YouTube Music,0.5,0,0,0,Rock,1,0,66.0,1,0,0,2,0,0,0,0,0,0,0,2,1,0,3,0,5.0,3.0,1.0,0.0,No effect,0
19.0,Spotify,5.0,1,0,0,K pop,1,1,158.0,1,2,2,0,0,1,1,3,1,0,0,3,3,1,1,1,4.0,2.0,2.0,1.0,Improve,0
15.0,YouTube Music,2.0,0,1,0,Rap,1,1,105.0,3,2,0,3,2,3,2,2,0,3,2,1,3,3,2,3,4.0,0.0,6.0,5.0,No effect,0
17.0,Spotify,2.0,1,0,0,Pop,1,1,208.0,0,0,0,0,0,1,0,1,0,0,3,3,0,3,3,3,7.0,6.0,3.0,1.0,Improve,1
25.0,Spotify,2.0,1,0,0,Lofi,1,1,91.0,2,1,2,1,0,3,3,1,2,3,0,2,1,2,3,2,7.0,8.0,6.0,2.0,Improve,1
24.0,Other streaming service,1.5,1,0,0,Video game music,0,1,171.0,2,1,3,1,2,2,2,3,1,3,3,3,2,2,3,3,3.0,4.0,1.0,1.0,Improve,0
23.0,Spotify,1.0,1,1,0,Jazz,1,0,150.0,1,1,3,0,1,0,3,1,1,0,2,1,2,0,3,2,9.0,7.0,2.0,1.0,Improve,1
16.0,Spotify,10.0,1,1,0,EDM,1,1,180.0,1,1,3,2,0,1,2,1,0,1,1,3,2,2,2,2,10.0,9.0,3.0,2.0,Improve,1
25.0,YouTube Music,2.0,1,0,0,Metal,1,1,120.0,1,1,1,1,2,1,2,0,1,1,3,2,1,1,3,2,9.0,9.0,7.0,3.0,Improve,1
16.0,Spotify,15.0,1,1,1,EDM,1,0,85.0,1,0,3,0,0,1,1,0,0,1,2,2,0,3,3,2,8.0,10.0,9.0,2.0,Improve,1
20.0,I do not use a streaming service.,0.5,0,0,0,Metal,1,1,150.0,2,1,2,0,0,2,2,0,0,2,2,1,1,1,2,2,8.0,9.0,6.0,4.0,Improve,1
17.0,Spotify,3.0,1,0,0,Metal,1,0,104.0,0,1,1,0,2,2,0,0,0,0,3,0,1,2,3,0,5.0,6.0,9.0,9.0,Improve,0
29.0,I do not use a streaming service.,2.0,1,0,0,Metal,1,0,120.0,0,0,0,0,0,0,0,0,0,0,3,2,0,0,3,0,9.0,3.0,7.0,2.0,Improve,1
20.0,Spotify,4.0,1,0,0,Hip hop,1,0,85.0,0,1,3,1,0,3,0,0,0,0,0,2,2,3,2,0,3.0,2.0,1.0,6.0,Improve,0
16.0,Spotify,2.0,1,0,0,Folk,1,0,120.0,0,0,0,3,0,1,0,0,0,0,2,3,0,1,2,0,7.0,7.0,4.0,0.0,Improve,1
21.0,Spotify,1.0,1,0,0,Rock,1,0,147.0,1,2,2,2,0,2,1,1,1,1,1,3,0,2,3,3,7.0,9.0,1.0,2.0,Improve,1
16.0,Spotify,24.0,1,0,0,Rock,1,1,120.0,0,0,1,0,0,0,0,1,1,1,1,1,1,1,2,1,5.0,1.0,9.0,1.0,Improve,0
43.0,Spotify,1.0,1,0,0,Pop,1,0,134.0,2,0,0,2,1,2,1,0,0,1,0,3,1,1,2,0,3.0,3.0,0.0,0.0,Improve,0
32.0,Pandora,2.0,1,1,0,Classical,1,0,120.0,3,2,1,3,2,2,2,1,2,1,3,3,2,1,3,3,8.0,7.0,5.0,4.0,Improve,1
10.0,YouTube Music,2.0,1,1,0,Pop,1,1,112.0,3,0,1,0,0,1,1,3,0,1,0,3,0,1,0,3,8.0,2.0,1.0,1.0,Improve,1
27.0,Spotify,3.0,1,0,0,Metal,1,1,200.0,1,1,2,0,0,2,0,2,1,2,3,2,1,3,3,3,4.0,0.0,0.0,0.0,Improve,0
24.0,Spotify,3.0,1,1,0,Classical,0,1,75.0,3,0,0,0,1,1,0,0,2,1,2,1,0,1,0,0,9.0,6.0,1.0,1.0,Improve,1
18.0,Spotify,2.0,1,0,0,Hip hop,1,1,20.0,1,0,1,0,1,3,1,3,2,0,0,2,3,3,0,0,10.0,7.0,2.0,0.0,Improve,1
17.0,Apple Music,7.0,1,0,0,Rock,0,0,140.0,0,0,0,0,0,0,0,0,0,2,0,3,0,0,3,2,8.0,7.0,7.0,4.0,Improve,1
19.0,Spotify,6.0,1,0,0,Metal,1,0,111.0,2,0,0,0,0,0,0,0,0,0,3,1,0,0,3,2,1.0,0.0,0.0,0.0,Improve,0
16.0,YouTube Music,3.0,1,0,0,Rock,1,1,150.0,2,0,2,0,0,1,1,1,0,1,2,2,2,2,3,2,5.0,7.0,1.0,4.0,Improve,0
64.0,Other streaming service,5.0,1,0,1,Rock,1,0,120.0,2,1,0,1,2,2,3,2,0,1,2,1,2,1,3,0,7.0,6.0,9.0,2.0,Improve,1
33.0,Apple Music,4.0,1,1,1,Lofi,1,1,114.0,2,1,1,2,0,2,2,1,1,3,3,2,1,2,2,2,8.0,8.0,2.0,2.0,Improve,1
32.0,I do not use a streaming service.,3.0,1,1,0,Rock,0,1,93.0,3,2,2,2,0,0,3,1,1,0,3,1,0,1,3,1,2.0,2.0,8.0,0.0,No effect,0
15.0,Pandora,2.0,1,1,0,Pop,1,0,145.0,1,2,0,0,0,0,0,1,3,0,0,3,2,2,0,0,6.0,0.0,0.0,2.0,Improve,0
27.0,YouTube Music,3.0,1,0,0,Metal,1,1,100.0,3,3,0,1,0,1,0,0,0,0,3,2,0,1,3,1,2.0,0.0,1.0,0.0,Improve,0
20.0,I do not use a streaming service.,2.0,1,0,0,Rock,1,0,114.0,1,1,0,2,0,0,1,0,0,0,1,2,1,0,3,2,6.0,2.0,6.0,7.0,No effect,0
23.0,I do not use a streaming service.,2.0,1,0,0,Pop,1,1,109.0,1,3,0,1,3,3,2,1,0,1,0,3,3,3,3,2,6.0,1.0,0.0,5.0,Improve,0
19.0,Apple Music,3.0,0,1,0,Classical,1,0,120.0,3,1,0,1,1,2,1,0,0,0,1,2,0,0,3,2,7.0,6.0,4.0,0.0,Improve,1
12.0,YouTube Music,2.0,1,1,1,Classical,0,0,120.0,3,0,0,0,0,0,0,0,0,1,0,1,0,0,0,0,0.0,0.0,3.0,0.0,Improve,0
16.0,Other streaming service,3.0,1,1,1,Classical,0,0,72.0,3,1,0,0,1,0,0,0,0,0,0,3,0,0,0,1,9.0,7.0,10.0,6.0,No effect,1
17.0,Other streaming service,0.0,0,0,0,Video game music,0,1,89.0,0,0,0,0,0,0,0,0,0,3,0,0,0,0,0,3,10.0,0.0,0.0,0.0,No effect,1
14.0,Spotify,1.0,1,1,0,Pop,1,0,140.0,1,1,3,1,1,2,2,2,1,2,1,3,2,2,2,2,6.0,6.0,3.0,0.0,Improve,0
32.0,Spotify,2.0,1,0,0,Metal,1,0,84.0,1,1,3,1,1,1,1,1,0,2,3,2,1,1,2,3,4.0,3.0,1.0,6.0,Improve,0
20.0,Spotify,2.0,1,1,0,Pop,0,1,132.0,0,0,0,0,0,1,0,0,0,0,0,0,0,1,1,1,6.0,2.0,2.0,1.0,No effect,0
54.0,I do not use a streaming service.,6.0,1,0,0,Classical,0,0,120.0,3,2,0,0,0,2,1,1,1,0,1,2,2,1,1,0,2.0,2.0,3.0,2.0,Improve,0
18.0,Spotify,5.0,1,0,0,K pop,1,1,124.0,0,1,1,0,0,1,1,3,1,1,0,3,1,2,2,0,7.0,4.0,5.0,6.0,Improve,1
14.0,Spotify,2.0,1,1,0,Classical,1,0,181.0,3,0,0,0,0,1,0,0,0,1,2,2,0,1,3,1,7.0,5.0,3.0,2.0,Improve,1
13.0,Other streaming service,4.0,1,1,1,Classical,1,0,126.0,3,0,2,1,0,0,1,1,0,0,1,3,0,0,2,2,8.0,5.0,10.0,3.0,Improve,1
19.0,Apple Music,8.0,1,0,1,Country,1,0,109.0,0,3,0,1,0,0,0,0,0,0,1,1,0,1,2,1,7.0,5.0,6.0,5.0,Improve,1
14.0,Spotify,4.0,1,1,0,Classical,1,0,106.0,3,0,1,0,0,2,2,1,1,1,2,2,2,2,2,1,6.0,8.0,8.0,2.0,Improve,0
14.0,YouTube Music,1.5,0,1,0,Classical,1,1,140.0,3,0,0,0,1,0,2,0,0,0,0,0,0,0,1,2,1.0,2.0,4.0,3.0,Improve,0
18.0,Apple Music,2.0,1,1,0,Rap,1,1,170.0,3,0,2,0,0,3,2,1,3,2,1,2,2,3,1,2,3.0,2.0,0.0,2.0,Improve,0
15.0,Spotify,5.0,1,0,0,Folk,1,1,87.0,1,2,0,3,1,2,0,0,0,2,0,0,0,2,1,1,6.0,7.0,7.0,4.0,Improve,0
24.0,YouTube Music,6.0,1,1,0,Classical,0,0,120.0,3,0,2,0,0,0,0,3,0,0,0,0,0,0,1,0,6.0,7.0,2.0,0.0,No effect,0
17.0,Apple Music,2.0,1,0,0,Pop,0,1,117.0,1,0,0,0,0,1,1,0,0,2,1,3,3,0,0,2,9.0,8.0,4.0,8.0,Improve,1
44.0,Spotify,2.0,0,0,0,Rock,1,0,105.0,2,2,2,2,1,2,1,1,0,0,2,2,2,2,3,0,7.0,7.0,2.0,1.0,Improve,1
23.0,Spotify,1.0,0,1,0,Rock,1,0,120.0,2,0,0,0,0,0,1,0,0,1,2,0,0,0,3,0,1.0,0.0,1.0,0.0,Improve,0
21.0,Apple Music,1.0,0,0,0,Rap,0,0,160.0,1,1,0,0,0,2,1,0,0,1,1,2,2,2,1,0,4.0,3.0,4.0,5.0,Improve,0
57.0,Other streaming service,2.0,0,0,0,R&B,1,0,120.0,1,2,0,0,1,2,2,0,0,0,0,2,2,2,1,0,2.0,0.0,0.0,0.0,Improve,0
23.0,Spotify,2.0,1,1,0,Rock,1,1,141.0,1,1,0,3,0,1,0,0,0,3,3,3,0,2,3,3,0.0,5.0,7.0,0.0,No effect,0
18.0,Spotify,1.0,1,1,0,Pop,0,1,105.0,2,1,0,0,1,0,1,0,2,1,0,3,0,0,0,3,8.0,7.0,7.0,0.0,Improve,1
26.0,Spotify,14.0,1,0,0,Hip hop,1,1,158.0,2,2,1,3,0,3,3,1,1,3,1,2,3,3,3,1,5.0,10.0,8.0,0.0,No effect,0
13.0,YouTube Music,3.0,1,0,1,Classical,0,0,80.0,3,0,0,0,0,0,0,0,0,0,0,0,0,0,0,0,8.0,7.0,9.0,2.0,Improve,1
15.0,Spotify,3.0,1,1,1,Classical,1,0,118.0,3,0,0,0,0,0,0,1,0,2,0,2,0,0,0,2,9.0,6.0,8.0,5.0,Improve,1
57.0,YouTube Music,2.0,1,1,1,Rock,1,0,125.0,0,0,0,0,0,1,2,0,1,1,2,2,2,1,3,0,2.0,2.0,7.0,0.0,No effect,0
12.0,Spotify,0.5,1,1,1,Classical,1,1,109.0,3,0,0,0,0,0,1,0,0,1,0,2,0,0,0,0,7.0,8.0,6.0,2.0,Improve,1
26.0,Spotify,6.0,1,0,0,EDM,0,1,156.0,0,0,3,0,0,0,0,0,0,0,0,1,1,1,0,1,10.0,10.0,8.0,2.0,No effect,1
17.0,Spotify,1.0,1,1,0,Country,0,0,105.0,0,3,0,1,1,0,1,0,0,0,1,1,1,0,2,1,8.0,5.0,2.0,3.0,Improve,1
17.0,Spotify,2.0,1,1,0,Classical,1,1,120.0,3,0,1,0,0,0,0,1,0,1,1,2,1,0,2,2,7.0,8.0,2.0,5.0,Improve,1
69.0,Pandora,4.0,1,1,1,Classical,1,1,72.0,3,2,0,2,2,1,3,1,1,1,0,2,2,0,3,0,1.0,1.0,2.0,0.0,Improve,0
17.0,Spotify,3.0,1,1,1,R&B,1,1,148.0,3,0,1,0,2,3,3,3,2,0,1,3,3,3,2,0,9.0,10.0,10.0,3.0,No effect,1
32.0,Spotify,12.0,1,1,1,Jazz,1,1,200.0,0,0,2,1,0,2,3,1,0,2,0,1,2,1,0,0,9.0,4.0,4.0,4.0,Improve,1
22.0,YouTube Music,3.0,0,1,0,Classical,1,0,113.0,3,0,0,0,0,0,2,0,0,0,0,1,0,0,1,0,8.0,2.0,4.0,0.0,No effect,1
38.0,Spotify,1.0,0,0,0,Metal,1,1,191.0,1,0,0,2,0,0,1,0,0,0,3,0,0,0,2,1,1.0,1.0,5.0,1.0,Improve,0
18.0,YouTube Music,10.0,1,0,0,EDM,1,0,140.0,0,0,3,2,0,2,0,0,0,2,0,3,3,3,0,0,10.0,9.0,9.0,8.0,Improve,1
14.0,Spotify,5.0,1,1,0,Classical,1,1,40.0,3,1,1,1,1,1,1,2,1,2,0,2,2,1,1,3,3.0,0.0,2.0,3.0,Improve,0
14.0,Other streaming service,0.5,1,1,0,Video game music,1,1,173.0,3,0,0,1,0,0,1,2,1,0,0,3,0,0,0,3,4.0,0.0,4.0,0.0,Improve,0
19.0,Spotify,5.0,1,1,1,Metal,1,1,180.0,1,1,1,1,0,1,1,0,1,2,3,2,1,1,3,2,2.0,3.0,5.0,2.0,Improve,0
20.0,YouTube Music,3.0,1,1,1,Classical,1,0,100.0,3,2,1,2,1,1,3,1,1,0,1,2,2,1,1,1,2.0,3.0,3.0,0.0,Improve,0
18.0,Spotify,2.0,0,0,0,Rock,1,0,123.0,0,3,0,1,1,1,1,0,0,0,2,3,0,2,2,2,8.0,4.0,3.0,0.0,Improve,1
30.0,Spotify,13.0,1,0,0,K pop,1,1,145.0,2,0,1,2,0,2,2,3,3,1,1,3,3,2,3,2,10.0,10.0,10.0,7.0,Improve,1
31.0,I do not use a streaming service.,4.0,1,1,0,Classical,1,1,55.0,3,1,0,1,1,0,2,0,0,1,1,0,0,0,2,2,8.0,8.0,9.0,3.0,Improve,1
72.0,Spotify,6.0,1,1,1,Rock,0,0,77.0,0,2,0,0,0,0,3,0,2,0,0,1,3,0,3,0,0.0,1.0,0.0,2.0,Improve,0
73.0,Pandora,3.0,1,0,0,R&B,1,1,4.0,2,3,1,2,3,2,2,1,3,0,1,2,3,2,2,0,5.0,4.0,0.0,1.0,Improve,0
16.0,Spotify,4.0,1,0,0,Pop,1,1,150.0,1,1,2,2,1,3,1,2,1,2,1,3,1,1,1,1,7.5,5.0,7.0,8.5,Improve,1
19.0,YouTube Music,3.0,0,1,0,Rap,1,1,73.0,1,0,2,0,0,2,1,0,0,1,0,2,1,3,2,2,3.0,3.0,0.0,0.0,Improve,0
16.0,Spotify,2.0,1,1,0,Classical,0,0,155.0,3,1,0,1,0,1,1,0,0,1,0,3,0,0,1,1,7.0,5.0,3.0,1.0,Improve,1
12.0,Spotify,2.0,1,1,1,Classical,1,1,120.0,3,1,0,0,1,2,1,1,0,0,0,2,0,1,2,0,8.0,0.0,1.0,6.0,Improve,1
39.0,Spotify,1.0,1,0,0,Hip hop,1,1,89.0,0,1,1,2,0,3,1,1,1,2,2,3,2,3,3,0,6.0,4.0,1.0,1.0,Improve,0
15.0,Spotify,6.0,1,1,0,K pop,1,1,110.0,2,0,1,2,0,1,2,3,2,2,1,3,2,1,3,0,8.0,8.0,7.0,10.0,No effect,1
14.0,Spotify,9.0,1,0,0,R&B,1,1,140.0,3,1,1,1,1,2,1,3,1,2,1,3,3,3,1,1,10.0,8.0,9.0,5.0,Improve,1
21.0,Spotify,1.0,0,0,0,Country,0,0,135.0,0,3,0,0,0,0,0,0,0,0,0,0,0,0,0,0,3.0,0.0,2.0,0.0,Improve,0
38.0,Apple Music,1.0,1,0,0,Video game music,0,0,125.0,1,0,0,0,0,1,2,1,1,0,1,2,1,1,1,3,5.0,5.0,7.0,1.0,Worsen,0
23.0,Spotify,0.5,0,0,1,Hip hop,1,1,110.0,2,2,1,1,1,3,1,3,1,2,1,2,2,3,1,2,7.0,7.0,6.0,5.0,Improve,1
16.0,Other streaming service,1.0,0,0,0,EDM,1,0,140.0,0,0,3,0,0,2,1,0,0,2,2,1,1,1,2,2,7.0,4.0,6.0,3.0,Improve,1
21.0,Apple Music,1.5,1,1,0,Folk,0,0,105.0,0,2,0,3,0,0,0,0,0,0,0,0,0,0,2,0,3.0,3.0,1.0,0.0,Improve,0
13.0,Spotify,6.0,1,0,0,Rap,1,0,112.0,0,0,0,0,0,3,0,1,0,1,0,1,0,3,0,0,4.0,0.0,0.0,2.0,Worsen,0
16.0,Spotify,4.0,1,0,0,Rock,1,0,96.0,1,2,2,2,0,2,1,2,0,3,3,3,0,0,3,2,3.0,0.0,6.0,9.0,Improve,0
18.0,Spotify,6.0,1,0,1,Rock,1,0,120.0,2,1,1,3,0,2,0,2,0,3,3,2,1,2,3,3,5.0,1.0,6.0,0.0,Improve,0
21.0,Spotify,4.0,1,0,0,Metal,1,1,155.0,0,0,3,0,0,0,0,0,0,1,2,0,0,0,3,3,10.0,6.0,8.0,0.0,Improve,1
17.0,Spotify,1.5,1,0,0,Classical,1,1,174.0,3,1,0,1,0,0,2,0,0,2,0,3,1,0,0,0,7.0,5.0,1.0,2.0,No effect,1
24.0,Apple Music,2.0,1,0,0,Rock,1,1,93.0,1,2,0,3,0,2,2,0,1,2,0,1,1,2,3,0,7.0,7.0,0.0,4.0,No effect,1
14.0,Apple Music,2.0,1,0,0,Pop,1,0,78.0,1,0,0,2,0,2,0,1,3,1,1,3,2,2,1,0,6.0,0.0,0.0,0.0,Improve,0
25.0,Spotify,4.0,1,0,0,Rock,1,1,120.0,2,1,1,3,1,2,2,1,1,2,2,2,1,2,3,3,6.0,2.0,3.0,2.0,Improve,0
22.0,Spotify,3.0,1,0,0,Lofi,1,1,174.0,1,3,2,1,1,1,1,1,1,3,1,1,1,1,1,1,7.0,6.0,7.0,9.0,Improve,1
20.0,I do not use a streaming service.,4.0,1,0,0,Rock,1,1,120.0,1,0,2,0,0,1,0,3,1,1,2,3,1,1,3,1,5.0,7.0,7.0,0.0,No effect,0
23.0,Spotify,2.0,1,0,0,Pop,0,0,75.0,2,1,1,2,0,3,2,0,0,0,0,3,3,3,2,2,7.0,6.0,4.0,3.0,Improve,1
61.0,Pandora,2.0,1,0,0,Rock,1,0,94.0,0,0,0,1,0,0,0,1,0,0,2,2,1,0,2,0,2.0,2.0,2.0,0.0,Improve,0
24.0,Spotify,6.0,1,0,0,Video game music,0,1,180.0,2,0,2,3,0,0,0,1,0,1,2,1,0,0,3,3,9.0,5.0,0.0,7.0,Improve,1
34.0,Spotify,0.0,0,1,0,Rock,0,1,115.0,1,1,0,2,0,0,0,0,0,0,1,0,0,0,3,0,3.0,7.0,8.0,0.0,Worsen,0
49.0,Spotify,1.0,0,0,0,Pop,1,0,128.0,2,0,0,0,0,3,1,0,0,3,0,3,3,3,2,0,4.0,5.0,9.0,1.0,Improve,0
33.0,I do not use a streaming service.,4.0,1,1,0,Rock,1,1,112.0,1,2,1,1,1,1,1,0,0,3,1,2,1,1,3,3,1.0,0.0,7.0,0.0,Improve,0
22.0,I do not use a streaming service.,2.0,0,1,1,Metal,0,0,140.0,0,0,1,0,0,0,0,0,0,0,3,1,1,0,3,3,3.0,2.0,0.0,2.0,No effect,0
38.0,Spotify,3.0,1,0,0,Metal,1,1,143.0,1,0,0,0,0,0,0,0,0,0,3,0,0,1,2,0,1.0,6.0,1.0,2.0,Improve,0
23.0,YouTube Music,4.0,0,0,0,Hip hop,1,0,72.0,1,1,0,1,0,3,1,0,0,2,1,3,2,2,2,1,8.0,10.0,4.0,0.0,No effect,1
34.0,I do not use a streaming service.,2.0,0,0,0,Video game music,0,1,100.0,1,1,1,0,0,2,1,1,0,1,1,0,0,2,1,3,8.0,10.0,10.0,0.0,No effect,1
40.0,Other streaming service,3.0,1,0,0,Metal,1,1,120.0,0,0,0,0,0,0,2,0,2,0,3,1,1,0,2,0,3.0,0.0,8.0,1.0,No effect,0
27.0,Spotify,1.0,0,0,0,Hip hop,1,0,120.0,2,0,1,0,0,3,1,0,0,1,0,2,3,3,0,0,3.0,4.0,1.0,0.0,Improve,0
54.0,YouTube Music,10.0,1,0,0,Rock,1,0,120.0,2,2,0,1,0,0,1,0,0,0,1,1,2,0,2,0,2.0,1.0,2.0,2.0,Improve,0
16.0,Spotify,10.0,0,0,0,Rock,1,0,105.0,1,3,0,3,1,1,2,0,0,0,3,2,1,1,3,0,0.0,0.0,0.0,0.0,No effect,0
23.0,I do not use a streaming service.,10.0,1,0,0,Video game music,0,1,119.0,1,0,2,2,0,1,0,2,0,2,1,2,0,1,2,3,8.0,8.0,5.0,0.0,Improve,1
35.0,Spotify,4.0,0,0,0,Country,1,0,120.0,0,3,0,1,0,0,0,0,0,0,2,2,0,0,2,1,1.0,1.0,1.0,0.0,No effect,0
22.0,YouTube Music,4.0,1,0,0,Folk,1,1,137.0,1,2,3,3,0,2,2,0,1,2,3,3,2,2,3,2,8.0,7.0,6.0,2.0,Improve,1
41.0,Spotify,3.0,0,0,0,Metal,1,1,178.0,3,1,0,1,0,0,0,2,0,0,3,1,0,1,2,3,6.0,5.0,4.0,0.0,No effect,0
63.0,Spotify,2.0,1,0,0,Rock,1,0,133.0,3,2,1,3,0,1,2,0,1,0,0,0,1,0,3,0,5.0,4.0,6.0,2.0,Improve,0
28.0,Spotify,1.0,0,1,0,Rock,1,0,72.0,1,1,0,1,0,1,0,0,0,2,1,2,0,1,2,0,3.0,1.0,0.0,2.0,No effect,0
22.0,Spotify,6.0,1,1,0,Country,1,0,120.0,1,3,2,3,1,2,2,0,1,2,2,2,1,2,3,2,4.0,8.0,2.0,2.0,Improve,0
58.0,YouTube Music,1.0,1,0,0,Rock,1,0,133.0,1,2,1,2,2,2,2,0,1,1,2,1,2,2,2,0,5.0,6.0,3.0,1.0,Improve,0
58.0,YouTube Music,1.0,1,1,1,Classical,1,0,80.0,2,1,0,1,2,1,2,1,1,0,0,1,0,0,0,0,0.0,0.0,2.0,1.0,Improve,0
67.0,Other streaming service,4.0,1,0,0,Rock,0,0,146.0,0,2,0,0,0,0,2,0,0,0,1,0,1,0,3,0,7.0,6.0,7.0,4.0,Improve,1
70.0,I do not use a streaming service.,2.0,1,0,0,Country,0,0,88.0,2,3,0,0,0,0,0,0,0,0,0,0,0,0,0,0,8.0,5.0,6.0,1.0,Improve,1
60.0,YouTube Music,2.0,1,0,0,Rock,0,1,132.0,2,2,0,2,1,0,1,0,1,0,1,2,2,1,3,1,4.0,4.0,2.0,0.0,Improve,0
15.0,Spotify,2.0,1,1,1,Pop,1,0,102.0,1,1,2,0,2,1,2,2,0,0,0,3,2,0,2,3,9.0,8.0,10.0,9.0,Improve,1
18.0,YouTube Music,6.0,1,0,0,EDM,1,1,91.0,3,1,3,1,2,3,2,0,2,3,2,3,3,3,2,3,5.0,5.0,7.0,0.0,Improve,0
58.0,Other streaming service,3.0,1,0,0,Hip hop,1,1,127.0,2,0,2,1,2,3,3,0,2,3,0,1,3,2,2,0,4.0,6.0,8.0,1.0,Improve,0
28.0,Other streaming service,1.0,1,0,0,Lofi,1,1,82.0,2,1,1,1,1,2,2,1,2,3,1,2,2,1,2,2,4.0,8.0,5.0,0.0,Improve,0
22.0,Spotify,4.0,1,1,0,Lofi,1,0,141.0,1,1,0,2,0,1,2,0,0,3,1,2,1,1,3,0,9.0,10.0,6.0,7.0,Improve,1
49.0,YouTube Music,0.5,0,0,0,Classical,0,0,114.0,3,2,1,2,3,2,2,1,1,0,1,2,2,2,1,1,3.0,2.0,2.0,2.0,Improve,0
20.0,YouTube Music,8.0,1,0,0,Rock,1,1,148.0,0,1,1,2,0,0,1,0,0,1,2,1,2,0,3,2,6.0,2.0,2.0,1.0,Improve,0
55.0,YouTube Music,15.0,1,0,0,Rock,0,0,156.0,1,0,0,3,0,0,2,0,1,0,0,1,0,0,3,0,2.0,0.0,3.0,0.0,No effect,0
48.0,Spotify,1.5,1,1,0,Metal,0,0,185.0,1,0,1,0,0,0,1,0,0,0,2,0,1,0,1,1,10.0,8.0,0.0,4.0,Improve,1
14.0,Spotify,2.0,1,1,0,K pop,1,1,114.0,2,0,1,0,0,2,2,3,0,2,0,1,1,1,0,1,4.0,4.0,2.0,2.0,Improve,0
18.0,Spotify,3.0,1,1,0,Pop,1,1,120.0,2,0,2,1,0,3,2,3,3,2,1,3,3,3,2,2,7.0,8.0,6.0,2.0,Improve,1
25.0,Spotify,1.0,1,0,0,Pop,1,1,80.0,3,1,1,1,0,2,2,0,0,1,3,3,1,2,2,2,7.0,6.0,5.0,5.0,Improve,1
71.0,I do not use a streaming service.,0.25,1,0,0,Gospel,0,1,120.0,2,1,0,1,2,0,0,0,2,0,0,1,1,0,1,0,1.0,0.0,0.0,0.0,Improve,0
60.0,YouTube Music,1.0,0,1,1,Gospel,0,0,120.0,2,1,0,0,3,1,0,0,0,0,0,0,0,1,1,0,6.0,2.0,8.0,0.0,Improve,0
18.0,I do not use a streaming service.,1.0,1,0,1,Video game music,0,0,116.0,1,1,2,2,0,1,2,0,0,0,2,0,1,2,2,3,4.0,5.0,7.0,0.0,No effect,0
19.0,Spotify,5.0,1,0,0,Hip hop,0,1,99.0,1,3,2,1,1,3,0,1,3,0,1,2,2,3,1,2,10.0,7.0,0.0,0.0,Improve,1
74.0,I do not use a streaming service.,1.0,0,0,0,Pop,0,0,129.0,1,3,0,2,2,0,1,0,2,0,0,3,2,0,2,0,4.0,2.0,1.0,0.0,Improve,0
36.0,Pandora,1.0,1,0,0,Hip hop,0,0,131.0,2,0,0,0,0,3,0,0,0,0,0,3,2,2,2,0,7.0,6.0,2.0,3.0,Improve,1
14.0,Spotify,7.0,1,0,0,Lofi,1,1,95.0,0,0,0,0,0,2,0,0,0,3,0,3,0,2,0,1,3.0,2.0,8.0,0.0,Improve,0
20.0,Spotify,3.0,0,1,1,Hip hop,1,1,80.0,3,1,1,2,0,3,2,0,2,1,1,2,2,3,3,1,10.0,7.0,4.0,3.0,Improve,1
15.0,Spotify,3.0,1,0,0,K pop,1,1,204.0,1,0,1,0,0,3,2,3,0,0,0,1,2,3,2,3,4.0,0.0,0.0,0.0,No effect,0
19.0,I do not use a streaming service.,7.0,1,0,0,Rock,0,0,128.0,2,1,0,1,0,0,2,0,0,0,1,0,0,0,3,2,7.0,7.0,0.0,0.0,Improve,1
29.0,Spotify,8.0,1,0,0,EDM,0,1,140.0,1,2,3,2,0,2,1,0,0,1,2,0,0,3,3,3,6.0,7.0,4.0,1.0,Improve,0
24.0,Spotify,2.0,1,0,0,Metal,1,0,159.0,0,1,3,2,3,0,0,0,0,1,3,1,0,0,2,1,7.0,6.0,2.0,7.0,Improve,1
18.0,Apple Music,2.0,1,0,0,Pop,1,1,104.0,1,1,1,1,1,3,1,1,2,1,2,3,3,3,3,0,6.0,5.0,8.0,0.0,Improve,0
21.0,Spotify,2.0,1,0,0,Rock,1,1,97.0,2,0,0,2,0,1,1,1,0,1,0,3,1,1,3,1,10.0,10.0,2.0,3.0,Improve,1
19.0,Spotify,2.0,1,0,0,K pop,1,1,80.0,1,0,1,0,0,2,2,3,0,2,0,2,3,1,2,2,7.0,6.0,5.0,1.0,Improve,1
25.0,Spotify,4.0,0,0,0,Video game music,1,1,134.0,2,0,0,1,1,0,0,1,3,0,0,3,2,0,0,3,3.0,0.0,0.0,0.0,Improve,0
28.0,Spotify,8.0,1,0,0,Rock,1,1,120.0,1,1,1,2,1,2,2,1,1,3,1,3,2,2,3,2,8.0,2.0,1.0,0.0,No effect,1
27.0,Other streaming service,4.0,1,0,0,Rap,1,0,135.0,1,0,0,0,0,2,1,2,0,2,0,1,0,3,1,1,7.0,6.0,6.0,5.0,Improve,1
60.0,Spotify,1.0,0,0,0,Rock,1,0,129.0,2,1,0,2,0,0,2,0,0,0,0,1,1,0,2,0,3.0,2.0,5.0,0.0,No effect,0
25.0,YouTube Music,5.0,0,0,0,Metal,0,1,120.0,1,1,0,1,0,0,0,0,0,0,3,2,0,0,2,1,8.0,2.0,1.0,0.0,Improve,1
60.0,Other streaming service,2.0,1,0,0,Rock,0,0,120.0,1,2,0,0,0,0,0,0,0,0,2,1,2,0,3,0,7.0,7.0,2.0,4.0,Improve,1
43.0,Other streaming service,1.0,0,0,0,Country,0,0,110.0,0,3,0,0,0,1,0,0,0,0,0,2,0,0,1,0,5.0,1.0,1.0,1.0,Improve,0
51.0,I do not use a streaming service.,5.0,1,0,0,Rock,0,0,180.0,2,1,0,2,0,0,1,0,0,0,2,1,1,0,3,1,1.0,2.0,1.0,0.0,No effect,0
63.0,YouTube Music,8.0,1,0,0,Rock,1,0,70.0,2,2,1,1,0,0,1,0,1,1,0,2,1,0,2,0,2.0,1.0,2.0,2.0,Improve,0
64.0,YouTube Music,2.0,1,0,0,Classical,0,0,120.0,3,0,1,3,0,1,1,0,1,1,0,3,1,0,1,0,5.0,2.0,4.0,0.0,Improve,0
22.0,Spotify,2.0,1,0,0,Pop,0,0,120.0,2,1,2,2,1,2,0,1,0,3,1,3,1,2,2,1,7.0,2.0,1.0,0.0,Improve,1
24.0,YouTube Music,1.0,1,0,0,Folk,0,1,103.0,2,0,3,3,1,2,2,1,1,3,1,2,1,2,3,3,10.0,10.0,7.0,8.0,Improve,1
19.0,Spotify,8.0,1,0,0,Pop,1,1,99.0,1,2,2,3,0,3,0,3,2,1,1,3,2,3,3,1,7.0,2.0,1.0,6.0,Improve,1
56.0,Apple Music,8.0,1,0,0,Pop,1,0,117.0,2,1,1,2,0,2,2,1,1,1,2,2,2,2,2,0,6.0,4.0,1.0,0.0,Improve,0
20.0,Spotify,1.0,0,0,0,EDM,1,0,102.0,1,0,3,0,0,2,0,1,1,3,1,3,0,0,0,0,5.0,9.0,6.0,1.0,Improve,0
19.0,I do not use a streaming service.,1.0,1,1,0,Video game music,0,0,127.0,3,0,0,1,1,2,2,1,1,3,0,2,2,1,1,3,7.0,5.0,7.0,0.0,Improve,1
20.0,Spotify,8.0,1,0,0,Jazz,1,1,93.0,1,2,1,3,0,2,3,1,2,3,0,2,1,2,2,1,7.0,6.0,7.0,4.0,Improve,1
60.0,Spotify,2.0,1,0,0,Rock,0,0,120.0,1,1,0,1,1,0,1,0,0,0,1,2,2,0,3,0,0.0,0.0,0.0,0.0,Improve,0
65.0,Apple Music,6.0,1,0,0,R&B,0,1,146.0,1,1,0,1,1,1,1,1,2,0,0,2,3,0,2,0,3.0,5.0,0.0,2.0,No effect,0
28.0,Spotify,3.0,0,1,1,Metal,1,1,0.0,3,0,1,2,1,1,3,1,2,3,3,1,2,0,3,3,8.0,8.0,5.0,2.0,Improve,1
18.0,I do not use a streaming service.,4.0,1,1,0,EDM,0,1,150.0,3,0,3,0,0,0,1,0,0,1,0,2,0,1,1,2,8.0,7.0,10.0,6.0,Improve,1
42.0,Spotify,2.0,1,0,0,Rock,0,1,85.0,1,0,0,0,0,1,0,0,0,0,0,2,1,1,2,1,2.0,4.0,5.0,2.0,Improve,0
80.0,I do not use a streaming service.,3.0,1,1,0,Classical,0,0,122.0,3,1,0,1,0,0,1,1,0,1,1,2,0,0,0,2,7.0,3.0,9.0,2.0,Improve,1
22.0,I do not use a streaming service.,4.0,0,0,1,Pop,1,0,120.0,1,2,3,2,0,1,0,0,0,0,1,3,3,1,2,0,8.0,7.0,4.0,4.0,Improve,1
56.0,Other streaming service,2.0,0,0,0,Jazz,1,1,120.0,2,0,2,2,1,0,3,0,1,1,1,2,1,0,2,1,0.0,0.0,0.0,5.0,No effect,0
20.0,YouTube Music,1.0,1,0,0,Pop,0,1,120.0,0,0,2,0,0,1,2,3,1,1,0,3,2,1,1,0,8.0,6.0,9.0,8.0,Improve,1
15.0,Spotify,1.0,1,0,0,Video game music,1,1,150.0,0,1,2,0,0,2,1,0,0,3,2,2,1,1,3,3,4.0,2.0,3.0,2.0,Improve,0
67.0,I do not use a streaming service.,1.0,0,0,0,Rock,0,0,120.0,2,2,0,2,2,2,2,0,2,0,2,2,2,2,2,0,3.0,2.0,2.0,2.0,Improve,0
57.0,Spotify,2.0,1,1,0,Gospel,0,0,174.0,2,0,0,1,3,0,2,0,1,0,0,2,2,0,1,0,6.0,4.0,10.0,0.0,Improve,0
22.0,Apple Music,7.0,1,0,0,Pop,1,1,112.0,0,0,2,1,0,3,0,3,2,0,0,3,3,3,2,1,8.0,8.0,10.0,0.0,Improve,1
17.0,Spotify,5.0,1,0,0,Pop,1,1,180.0,0,0,2,0,0,2,0,3,1,1,0,3,3,2,1,1,5.0,5.0,5.0,5.0,Improve,0
19.0,Spotify,3.0,1,0,0,Rock,0,0,121.0,0,3,0,1,2,0,0,0,0,0,1,3,0,2,3,2,10.0,8.0,6.0,2.0,No effect,1
50.0,I do not use a streaming service.,1.0,0,0,0,Rock,0,0,98.0,2,2,0,0,0,3,2,1,1,0,1,3,2,2,3,0,0.0,0.0,7.0,0.0,Improve,0
24.0,Spotify,6.0,1,1,1,Rock,1,1,118.0,0,1,2,3,0,1,1,2,0,1,3,2,0,1,3,2,8.0,8.0,10.0,0.0,Improve,1
67.0,Apple Music,2.0,0,0,0,Rock,1,0,120.0,2,0,0,0,0,1,0,0,0,0,2,2,0,0,2,0,8.0,2.0,0.0,0.0,No effect,1
18.0,Other streaming service,3.0,1,1,1,Metal,1,0,135.0,2,2,0,1,1,1,0,0,0,0,3,0,1,1,1,0,7.0,8.0,4.0,10.0,Improve,1
20.0,Spotify,1.5,1,0,0,Country,0,0,120.0,1,3,2,0,0,2,2,2,1,0,0,2,0,2,2,0,0.0,2.0,0.0,1.0,Improve,0
15.0,Spotify,4.0,1,1,0,Pop,1,0,105.0,0,1,0,0,2,1,1,1,1,2,1,3,2,2,3,2,3.0,5.0,4.0,0.0,Improve,0
17.0,Spotify,2.0,1,1,0,Pop,1,1,122.0,1,0,0,1,0,2,0,3,1,0,0,3,0,2,0,0,5.0,2.0,3.0,1.0,Improve,0
32.0,YouTube Music,2.0,1,0,0,Folk,1,0,120.0,0,0,2,2,0,2,2,0,1,2,0,2,2,2,2,2,6.0,1.0,0.0,0.0,Improve,0
18.0,Spotify,2.0,0,0,0,Rap,1,1,136.0,1,0,0,0,0,3,1,0,0,0,1,2,1,3,1,3,6.0,3.0,4.0,2.0,Improve,0
18.0,Spotify,1.0,1,1,1,Rock,1,0,165.0,2,0,2,0,0,1,1,0,0,1,3,2,0,1,3,1,5.0,6.0,8.0,2.0,Improve,0
18.0,Spotify,3.0,1,0,0,K pop,1,1,130.0,2,0,0,0,0,2,0,3,0,1,0,2,3,1,2,1,8.0,4.0,7.0,5.0,Improve,1
19.0,Spotify,3.0,1,0,0,Pop,1,0,120.0,0,0,3,0,0,3,1,1,1,1,1,3,2,3,1,2,1.0,1.0,2.0,3.0,Improve,0
18.0,Spotify,2.0,0,1,0,Rock,1,0,115.0,0,0,0,0,0,1,0,0,0,0,2,2,1,1,3,0,8.0,3.0,1.0,3.0,Improve,1
17.0,Other streaming service,6.0,1,0,1,Rap,1,0,140.0,1,0,1,0,2,3,2,0,0,2,0,2,2,3,1,0,3.0,3.0,0.0,0.0,Improve,0
34.0,Spotify,3.0,1,0,0,Classical,0,1,95.0,3,0,0,0,0,0,1,0,0,1,2,1,0,0,2,2,0.0,0.0,0.0,0.0,No effect,0
18.0,YouTube Music,3.0,1,0,0,Pop,0,0,150.0,1,1,2,1,0,3,1,1,0,1,1,3,1,3,1,2,5.0,4.0,2.0,0.0,No effect,0
18.0,Spotify,2.0,1,0,0,R&B,1,0,97.0,0,0,0,0,2,3,1,0,1,1,0,2,3,3,1,0,2.0,4.0,0.0,0.0,Improve,0
22.0,I do not use a streaming service.,2.0,1,0,0,Video game music,0,0,120.0,2,1,1,0,3,1,2,1,1,1,0,1,0,0,0,3,4.0,6.0,0.0,2.0,Improve,0
18.0,Spotify,2.0,1,0,1,Pop,1,0,120.0,2,1,2,0,0,1,2,1,0,2,0,3,1,0,2,2,5.0,7.0,2.0,0.0,Improve,0
19.0,Spotify,3.0,1,0,0,Rock,1,1,122.0,2,1,1,2,1,2,1,1,1,1,1,2,1,2,3,0,4.0,0.0,7.0,0.0,No effect,0
25.0,I do not use a streaming service.,4.0,1,0,0,Pop,1,1,150.0,1,0,2,0,0,3,0,1,1,1,2,3,1,3,3,1,10.0,8.0,6.0,2.0,No effect,1
17.0,Spotify,2.0,1,1,1,R&B,1,0,120.0,3,1,0,1,1,1,2,2,1,2,1,3,3,1,2,0,3.0,3.0,1.0,0.0,Improve,0
25.0,Spotify,5.0,1,1,0,Rock,1,0,125.0,2,2,1,0,0,2,0,1,0,1,2,2,0,2,3,2,8.0,7.0,2.0,1.0,Improve,1
18.0,Spotify,2.0,1,0,0,R&B,0,0,96.0,2,1,0,0,0,2,1,0,0,3,1,3,3,2,3,1,3.0,3.0,0.0,3.0,Improve,0
21.0,Spotify,1.0,1,0,0,K pop,1,1,120.0,1,1,2,1,0,3,1,3,1,1,2,3,2,2,3,1,4.0,5.0,2.0,5.0,Improve,0
24.0,Spotify,7.0,1,0,0,Folk,1,1,137.0,2,1,1,3,0,1,1,0,1,2,1,3,1,1,3,3,10.0,10.0,8.0,10.0,Improve,1
16.0,Spotify,3.0,1,1,0,K pop,0,1,174.0,1,0,2,0,0,1,2,3,2,2,0,3,1,2,0,0,10.0,2.0,7.0,8.0,Improve,1
18.0,Spotify,3.0,0,1,1,Metal,1,0,210.0,0,0,0,1,0,2,3,0,1,0,3,1,2,2,2,1,9.0,6.0,8.0,5.0,Improve,1
18.0,Spotify,4.0,1,0,0,R&B,1,1,129.0,1,1,1,0,0,3,2,0,0,1,0,3,3,3,3,1,6.0,4.0,1.0,6.0,Improve,0
16.0,Spotify,3.0,1,0,0,Pop,1,0,112.0,3,0,0,0,0,1,1,0,0,0,0,3,3,0,2,0,3.0,4.0,6.0,8.0,Improve,0
68.0,Pandora,1.0,1,0,0,Gospel,0,0,8.0,3,0,0,2,3,0,0,0,2,0,0,0,0,0,0,0,10.0,10.0,10.0,0.0,Improve,1
16.0,Spotify,7.0,1,0,0,Video game music,1,0,999999999.0,0,1,2,1,0,1,1,0,0,0,3,2,0,3,1,2,4.0,8.0,8.0,4.0,No effect,0
21.0,Spotify,1.0,0,0,0,R&B,1,1,81.0,0,0,0,0,1,3,0,0,0,0,0,3,3,2,0,0,3.0,0.0,0.0,0.0,Improve,0
53.0,Pandora,4.0,1,0,0,R&B,1,1,153.0,1,2,1,1,1,3,1,2,1,0,2,1,2,2,2,1,1.0,0.0,0.0,0.0,Improve,0
29.0,Spotify,4.0,1,0,0,Classical,1,0,120.0,3,0,3,0,0,0,2,0,1,1,0,2,0,0,1,1,5.0,6.0,7.0,7.0,No effect,0
18.0,Spotify,3.0,1,0,0,Video game music,1,1,89.0,2,0,0,0,0,0,2,1,0,3,0,1,2,0,0,3,7.0,0.0,3.0,1.0,No effect,1
29.0,Spotify,2.0,1,0,0,Pop,0,0,120.0,0,0,1,1,0,3,0,0,0,2,1,3,0,3,0,3,10.0,8.0,8.0,9.0,Improve,1
18.0,Spotify,4.0,1,1,0,R&B,1,1,169.0,1,2,3,0,1,3,1,2,2,2,1,2,3,2,1,2,3.0,0.0,3.0,4.0,Improve,0
22.0,Spotify,5.0,1,0,0,EDM,1,1,138.0,0,0,3,0,0,3,0,0,0,3,0,3,3,3,3,2,1.0,0.0,0.0,1.0,No effect,0
19.0,Other streaming service,6.0,1,0,0,Pop,0,0,124.0,2,1,1,1,3,2,1,2,3,1,1,3,2,2,2,2,6.0,6.0,0.0,0.0,Improve,0
13.0,YouTube Music,1.0,1,0,0,Video game music,1,0,120.0,0,0,2,0,0,1,2,0,0,2,1,1,1,0,2,3,4.0,3.0,4.0,0.0,Improve,0
26.0,I do not use a streaming service.,1.0,0,0,0,Pop,0,0,192.0,0,1,2,2,0,1,1,2,2,3,0,3,1,1,2,0,6.0,4.0,0.0,0.0,Improve,0
14.0,Spotify,3.0,1,0,0,Rock,1,0,76.0,0,0,0,0,0,2,1,0,0,0,1,2,0,0,3,2,2.0,6.0,3.0,0.0,Worsen,0
27.0,Spotify,1.0,1,0,0,Pop,1,1,119.0,1,1,1,0,1,2,1,3,0,2,0,3,2,2,2,3,8.0,3.0,3.0,3.0,Improve,1
26.0,Spotify,8.0,0,0,0,Rock,0,1,172.0,0,2,2,3,0,3,1,3,0,0,2,2,3,3,3,3,8.0,10.0,7.0,3.0,No effect,1
59.0,Other streaming service,1.0,0,1,0,Rock,0,0,79.0,1,0,0,1,2,0,1,0,1,0,0,1,1,0,3,0,1.0,0.0,0.0,1.0,Improve,0
30.0,Spotify,8.0,1,1,1,Rock,1,0,112.0,2,2,0,1,0,2,2,0,2,2,1,2,2,2,3,0,8.0,6.0,6.0,8.0,Improve,1
27.0,Spotify,1.0,1,0,0,Pop,1,1,130.0,0,1,2,0,0,2,0,1,2,0,0,3,2,2,2,0,6.0,3.0,1.0,7.0,Improve,0
18.0,Apple Music,1.0,0,1,0,Rap,1,1,116.0,1,0,0,0,0,2,0,0,1,2,0,2,0,3,0,2,2.0,0.0,3.0,0.0,Improve,0
23.0,I do not use a streaming service.,10.0,1,1,1,Metal,0,1,165.0,0,0,0,0,0,0,0,0,0,0,3,0,0,0,2,0,0.0,0.0,0.0,0.0,No effect,0
18.0,Spotify,10.0,1,1,1,Rock,1,0,110.0,2,2,2,2,1,2,2,2,1,1,3,3,2,2,3,0,10.0,10.0,6.0,6.0,Improve,1
40.0,Spotify,5.0,1,0,0,Rock,1,1,174.0,2,2,2,2,0,3,1,1,2,1,2,3,2,3,3,1,3.0,0.0,0.0,1.0,Improve,0
24.0,Spotify,10.0,1,0,0,Rock,1,1,180.0,2,0,0,1,0,0,0,0,0,1,2,2,0,0,3,2,7.0,9.0,10.0,0.0,Improve,1
23.0,Spotify,2.0,1,1,0,Classical,1,1,171.0,3,0,1,1,0,0,2,0,1,2,0,3,1,0,3,0,8.0,7.0,6.0,2.0,Improve,1
56.0,Other streaming service,6.0,1,0,0,R&B,0,0,120.0,0,0,0,0,0,2,1,0,0,0,0,0,2,0,0,0,2.0,0.0,10.0,10.0,Improve,0
29.0,Other streaming service,2.0,1,0,0,R&B,1,0,70.0,1,0,3,0,0,3,1,1,2,2,0,3,3,1,0,2,10.0,7.0,9.0,3.0,No effect,1
16.0,Other streaming service,3.0,1,0,0,Pop,0,1,120.0,0,0,0,0,0,3,0,3,0,0,0,3,2,0,0,0,6.0,0.0,0.0,0.0,Improve,0
18.0,Spotify,8.0,1,1,1,Gospel,1,1,56.0,1,0,1,0,3,2,2,0,2,3,0,2,3,2,0,2,3.0,0.0,2.0,2.0,Improve,0
21.0,Spotify,8.0,1,0,0,Lofi,1,1,162.0,3,3,3,3,3,3,3,3,3,3,3,3,3,3,3,3,6.0,5.0,9.0,8.0,Improve,0
32.0,Spotify,8.0,1,0,0,Rock,1,0,101.0,0,0,0,1,0,2,0,0,0,0,2,1,1,2,3,2,7.0,6.0,5.0,8.0,Improve,1
22.0,YouTube Music,8.0,1,1,0,Metal,1,0,110.0,2,0,2,1,1,1,2,0,0,0,3,1,1,0,3,3,10.0,7.0,8.0,6.0,Improve,1
17.0,Spotify,12.0,1,1,0,Latin,1,0,172.0,3,0,1,1,2,3,0,1,3,1,2,1,0,3,3,2,0.0,3.0,9.0,5.0,No effect,0
18.0,Spotify,6.0,1,0,0,EDM,1,1,90.0,1,0,3,0,0,2,1,3,3,3,0,3,3,3,1,2,0.0,2.0,1.0,5.0,Improve,0
18.0,Spotify,4.0,1,1,0,R&B,0,1,135.0,2,1,2,0,2,2,0,3,3,1,0,2,3,3,0,1,2.0,0.0,0.0,0.0,No effect,0
24.0,Spotify,8.0,1,0,0,Jazz,1,0,81.0,3,0,1,0,0,3,3,0,1,3,0,1,2,2,3,1,2.0,2.0,4.0,0.0,No effect,0
21.0,Spotify,2.0,0,0,0,Pop,0,0,170.0,1,0,0,0,1,2,0,0,0,2,2,3,2,2,3,2,5.0,6.0,3.0,4.0,No effect,0
46.0,I do not use a streaming service.,1.0,0,0,0,Rock,0,0,120.0,0,2,0,0,0,0,0,0,0,0,0,2,0,0,2,0,0.0,0.0,1.0,0.0,No effect,0
18.0,Spotify,2.0,1,1,0,Hip hop,1,0,90.0,0,0,0,0,2,3,0,0,0,2,0,2,3,3,0,0,5.0,4.0,3.0,7.0,Improve,0
16.0,Spotify,3.0,1,1,0,K pop,1,1,115.0,1,0,1,0,0,3,3,3,0,2,0,3,3,3,3,2,2.0,7.0,0.0,0.0,Improve,0
21.0,Spotify,1.0,1,0,0,Video game music,1,1,120.0,3,3,1,2,1,2,2,0,0,3,1,2,0,2,2,3,0.0,6.0,0.0,4.0,Improve,0
19.0,I do not use a streaming service.,0.0,0,0,0,Classical,1,1,120.0,3,1,2,1,1,2,1,1,1,1,0,1,1,1,1,1,0.0,0.0,0.0,0.0,Improve,0
20.0,Spotify,2.0,1,1,1,Rap,1,1,120.0,2,0,1,0,0,2,2,0,0,1,0,2,2,3,2,2,7.0,5.0,1.0,3.0,Improve,1
21.0,Other streaming service,0.1,1,1,0,Folk,0,1,120.0,2,0,0,3,2,1,0,0,0,0,0,1,0,1,2,0,7.0,5.0,3.0,1.0,No effect,1
56.0,I do not use a streaming service.,2.0,1,0,0,Rock,0,1,220.0,1,0,0,0,0,0,0,0,0,0,3,0,0,1,3,0,3.0,3.0,1.0,8.0,No effect,0
21.0,Spotify,12.0,1,0,0,Rock,1,1,160.0,2,1,3,1,1,2,2,1,0,2,3,2,1,2,3,1,7.0,10.0,4.0,7.0,Worsen,1
20.0,Spotify,1.0,1,0,0,Pop,1,0,121.0,1,0,0,3,0,1,1,1,0,2,1,3,1,1,3,0,3.0,2.0,3.0,0.0,Improve,0
21.0,Apple Music,1.0,1,0,0,Rock,0,0,105.0,2,0,1,0,0,1,1,0,0,0,1,2,0,0,3,1,5.0,1.0,1.0,9.0,Improve,0
25.0,Spotify,3.0,1,0,0,Rock,0,0,110.0,0,1,0,2,0,0,0,0,0,2,0,1,0,0,3,2,8.0,9.0,4.0,10.0,Improve,1
33.0,Spotify,2.0,1,0,0,Metal,1,1,134.0,1,0,0,2,0,2,1,0,0,0,3,2,2,2,3,2,4.0,8.0,0.0,0.0,Improve,0
20.0,Spotify,2.0,1,0,0,Rock,1,1,148.0,1,1,1,1,0,2,2,1,2,2,3,3,2,2,3,1,7.0,9.0,7.0,0.0,Improve,1
17.0,Spotify,3.0,1,1,0,Rock,1,0,120.0,2,2,2,0,0,0,0,1,0,1,3,3,0,1,3,0,1.0,5.0,6.0,4.0,No effect,0
24.0,YouTube Music,1.0,0,0,0,Jazz,1,1,122.0,1,0,2,1,0,0,2,1,0,1,1,2,1,0,2,3,3.0,2.0,1.0,0.0,No effect,0
26.0,Spotify,3.0,1,1,1,Jazz,1,1,90.0,1,1,1,1,0,2,3,0,2,1,3,1,2,1,3,1,6.0,8.0,0.0,0.0,Improve,0
17.0,YouTube Music,3.0,1,0,0,Rock,0,0,122.0,1,1,0,1,0,1,1,0,0,1,3,2,0,2,3,3,6.0,3.0,6.0,0.0,Improve,0
16.0,Spotify,5.0,1,1,1,Metal,1,1,129.0,2,0,0,1,0,1,2,0,0,1,3,2,0,2,3,2,7.0,4.0,8.0,0.0,Improve,1
27.0,Spotify,8.0,1,0,0,Metal,1,0,132.0,0,0,1,0,0,2,0,0,0,0,3,3,3,1,2,0,2.0,6.0,9.0,1.0,No effect,0
28.0,Spotify,4.0,1,0,0,Hip hop,1,1,178.0,1,2,2,1,0,3,0,0,3,2,1,3,1,3,2,1,8.0,5.0,3.0,8.0,Improve,1
48.0,I do not use a streaming service.,5.0,1,0,1,Rock,1,1,120.0,3,2,2,3,0,2,1,0,1,0,1,1,1,1,3,1,3.0,3.0,0.0,0.0,Improve,0
19.0,Spotify,3.0,1,0,0,Rap,0,1,115.0,0,0,1,1,0,2,0,1,0,3,2,3,2,3,2,2,7.0,5.0,3.0,3.0,Improve,1
21.0,YouTube Music,4.0,1,0,0,Rock,1,1,137.0,2,3,1,3,0,2,0,0,0,1,2,3,2,2,3,1,4.0,8.0,2.0,3.0,Improve,0
21.0,I do not use a streaming service.,1.0,1,1,0,Classical,0,0,92.0,3,0,0,0,0,0,0,0,0,0,0,0,0,0,0,1,3.0,0.0,0.0,5.0,Improve,0
15.0,Spotify,4.0,1,0,0,Metal,1,1,140.0,1,0,2,1,0,1,0,1,0,0,3,2,2,2,3,1,10.0,7.0,3.0,2.0,Improve,1
20.0,Spotify,1.0,0,0,0,Rock,1,1,130.0,2,2,1,3,1,1,3,0,0,0,0,3,1,1,3,0,10.0,4.0,8.0,0.0,Improve,1
21.0,YouTube Music,2.0,1,1,0,Video game music,0,1,120.0,2,0,1,2,1,0,1,0,2,2,1,3,2,0,3,3,2.0,2.0,0.0,0.0,Improve,0
22.0,Spotify,6.0,1,0,0,Folk,1,0,63.0,0,1,2,3,0,1,1,0,2,2,0,1,1,1,3,2,8.0,7.0,7.0,3.0,Improve,1
22.0,Spotify,2.0,0,0,0,Rock,0,0,119.0,1,0,0,0,0,1,1,1,0,0,3,3,0,0,3,2,10.0,5.0,2.0,8.0,Improve,1
31.0,Spotify,1.0,1,0,0,Rock,1,0,120.0,3,1,2,1,0,1,1,1,1,2,2,2,0,3,3,3,9.0,10.0,10.0,6.0,No effect,1
20.0,YouTube Music,4.0,1,1,0,Metal,1,0,180.0,1,2,0,0,0,0,1,0,0,0,3,0,0,0,3,2,5.0,2.0,1.0,6.0,Improve,0
49.0,I do not use a streaming service.,8.0,1,1,1,Classical,0,0,68.0,3,0,0,0,0,0,1,0,0,0,1,1,0,0,1,0,4.0,8.0,9.0,1.0,Improve,0
42.0,Spotify,2.0,1,0,0,Metal,1,1,85.0,2,1,0,0,1,1,0,2,2,1,3,3,2,0,3,3,7.0,8.0,5.0,3.0,Improve,1
26.0,Spotify,2.0,1,0,0,EDM,1,1,128.0,1,2,3,2,0,2,1,0,2,1,1,2,1,2,3,0,2.0,2.0,0.0,3.0,No effect,0
17.0,Spotify,10.0,1,0,1,K pop,1,1,150.0,1,2,1,1,0,3,0,3,1,2,3,3,2,3,3,2,10.0,3.0,0.0,4.0,Improve,1
30.0,I do not use a streaming service.,0.0,0,0,0,Metal,0,0,0.0,1,0,1,0,0,0,0,0,0,0,2,0,0,1,1,1,10.0,10.0,10.0,9.0,Improve,1
23.0,Spotify,6.0,1,0,0,Folk,1,1,92.0,2,2,1,2,0,2,2,2,1,1,1,2,2,2,2,1,3.0,7.0,7.0,4.0,No effect,0
30.0,Apple Music,3.0,1,0,0,EDM,1,1,121.0,1,0,3,0,1,2,0,3,0,0,1,3,2,2,2,0,7.0,5.0,7.0,7.0,Improve,1
31.0,Spotify,2.0,1,0,0,Metal,0,1,155.0,1,2,0,3,0,1,1,0,0,0,3,3,3,1,3,2,7.0,4.0,8.0,8.0,Improve,1
42.0,Other streaming service,0.25,0,1,0,Classical,1,1,150.0,3,1,0,0,0,0,2,0,1,0,1,2,1,1,2,0,7.0,9.0,4.0,5.0,Improve,1
16.0,Other streaming service,4.0,1,0,0,EDM,1,1,624.0,2,0,3,0,0,0,0,1,0,0,0,0,0,0,0,2,4.0,7.0,1.0,3.0,Improve,0
34.0,YouTube Music,2.0,0,0,0,Metal,1,0,136.0,2,1,0,2,0,1,1,1,1,0,3,2,1,1,3,0,5.0,9.0,9.0,6.0,Improve,0
21.0,YouTube Music,2.0,1,0,0,Pop,1,0,121.0,2,0,3,1,0,1,1,1,2,1,2,3,3,1,2,2,5.0,4.0,10.0,7.0,No effect,0
27.0,YouTube Music,3.0,1,0,0,Pop,0,0,113.0,1,1,1,1,0,3,1,1,1,1,1,3,3,2,2,1,7.0,2.0,0.0,1.0,Improve,1
18.0,Spotify,6.0,1,0,0,Folk,1,1,80.0,0,3,3,3,2,2,1,1,1,2,2,3,2,2,3,2,8.0,6.0,0.0,2.0,Improve,1
26.0,Spotify,3.0,0,0,0,Metal,1,0,140.0,1,3,0,3,1,2,2,0,0,1,3,1,1,2,3,1,1.0,3.0,10.0,0.0,No effect,0
37.0,Spotify,2.0,1,0,0,Rock,1,0,100.0,0,0,0,0,0,1,0,0,0,0,2,2,1,1,2,0,8.0,10.0,10.0,2.0,Worsen,1
26.0,Spotify,5.0,1,1,0,Folk,1,1,92.0,2,1,1,3,0,3,3,0,1,1,2,2,2,3,3,1,4.0,7.0,6.0,0.0,No effect,0
19.0,Spotify,4.0,0,0,0,Pop,0,1,120.0,0,0,2,0,0,2,2,2,2,1,0,3,2,2,2,2,9.0,6.0,3.0,0.0,No effect,1
22.0,Spotify,4.0,1,0,0,Rock,1,0,93.0,0,1,0,0,0,1,0,0,0,1,2,3,1,1,3,3,10.0,7.0,4.0,4.0,Improve,1
43.0,I do not use a streaming service.,0.0,0,0,0,Rock,0,0,120.0,1,0,0,0,0,1,0,0,0,0,0,2,1,1,2,0,1.0,2.0,2.0,0.0,No effect,0
24.0,I do not use a streaming service.,12.0,1,1,1,Rock,1,0,136.0,2,1,0,2,1,1,1,0,1,0,3,3,1,1,3,3,7.0,10.0,0.0,8.0,Improve,1
21.0,I do not use a streaming service.,0.5,0,0,0,Pop,0,0,108.0,0,0,0,0,0,0,0,2,0,0,0,2,0,0,0,0,10.0,2.0,1.0,10.0,Worsen,1
28.0,I do not use a streaming service.,1.0,1,0,0,Rock,0,0,147.0,1,1,0,1,0,0,0,0,0,0,0,2,0,0,2,0,2.0,1.0,2.0,2.0,Improve,0
23.0,YouTube Music,3.0,1,0,0,R&B,1,1,93.0,3,0,0,3,0,3,3,0,1,3,1,3,3,3,2,1,3.0,10.0,0.0,0.0,No effect,0
20.0,Apple Music,12.0,0,0,0,Rock,1,1,98.0,0,2,1,2,2,2,2,1,0,0,2,3,2,2,3,2,7.0,10.0,2.0,0.0,Improve,1
17.0,Spotify,4.0,1,1,1,Metal,0,0,120.0,0,1,3,0,0,0,1,0,0,1,3,2,0,0,3,2,4.0,2.0,0.0,0.0,Improve,0
19.0,Spotify,3.0,1,0,0,R&B,0,0,130.0,1,1,1,1,1,1,1,1,0,0,0,2,2,2,2,1,4.0,2.0,5.0,3.0,Improve,0
32.0,Spotify,1.0,1,0,0,Metal,1,1,218.0,2,2,2,2,0,1,0,3,1,0,3,1,1,2,3,1,6.0,8.0,7.0,0.0,Improve,0
18.0,YouTube Music,4.0,0,0,0,Folk,1,1,123.0,2,3,2,3,1,2,2,0,0,2,3,3,1,1,3,3,8.0,6.0,4.0,0.0,Improve,1
20.0,Other streaming service,2.0,1,1,1,Rock,1,0,135.0,2,1,0,1,0,0,1,1,0,0,0,3,0,0,3,2,2.0,2.0,0.0,0.0,No effect,0
27.0,Spotify,3.0,1,0,0,Rock,1,1,105.0,1,0,3,1,0,1,1,0,0,3,3,1,1,1,3,3,8.0,7.0,9.0,3.0,Improve,1
15.0,Spotify,3.0,1,1,0,Rock,0,1,132.0,2,0,0,0,0,0,0,0,0,1,3,0,0,0,3,1,4.0,3.0,5.0,0.0,No effect,0
26.0,Spotify,1.0,1,0,0,Rock,1,1,120.0,1,1,2,2,0,0,0,0,1,3,1,3,1,1,3,2,6.0,1.0,0.0,4.0,No effect,0
24.0,Spotify,2.0,1,0,0,Pop,1,1,115.0,0,0,0,0,0,2,1,1,0,1,0,3,3,2,1,1,6.0,6.0,3.0,6.0,Improve,0
20.0,Spotify,1.0,1,0,0,K pop,1,1,120.0,2,0,1,0,2,0,1,3,0,2,0,3,2,0,1,0,8.0,7.0,1.0,1.0,No effect,1
21.0,YouTube Music,0.5,1,0,0,Pop,1,1,120.0,0,1,0,1,0,1,1,1,0,2,0,3,1,1,2,1,5.0,3.0,4.0,1.0,Improve,0
16.0,Spotify,2.0,1,0,0,Video game music,0,0,149.0,3,0,0,0,0,0,0,0,0,0,0,1,0,1,0,3,6.0,2.0,4.0,3.0,Improve,0
21.0,Spotify,11.0,1,1,1,Metal,1,1,125.0,1,1,2,1,1,3,2,1,1,3,3,3,2,3,3,3,5.0,6.0,6.0,0.0,Improve,0
27.0,Spotify,10.0,1,1,1,Jazz,1,1,132.0,3,0,0,3,1,1,3,1,1,2,2,2,2,1,2,2,6.0,10.0,8.0,1.0,Improve,0
17.0,Spotify,5.0,1,1,0,Rock,1,0,110.0,3,1,1,2,1,3,3,0,1,3,2,2,3,3,3,2,7.0,3.0,9.0,7.0,Improve,1
21.0,Spotify,1.5,1,1,0,Classical,1,1,110.0,3,1,3,3,2,2,3,0,1,2,1,3,1,2,2,2,4.0,6.0,0.0,0.0,No effect,0
17.0,Spotify,2.0,1,0,0,Folk,1,1,116.0,3,2,0,3,2,1,3,0,2,2,0,3,1,0,2,1,9.0,4.0,0.0,1.0,Improve,1
21.0,Spotify,3.0,0,0,0,Rap,1,1,145.0,2,0,0,1,0,3,0,0,0,2,1,2,2,3,1,2,9.0,7.0,7.0,5.0,Improve,1
17.0,YouTube Music,2.0,0,0,1,Rock,1,0,120.0,2,2,2,3,1,2,2,0,0,0,2,2,2,2,3,2,5.0,10.0,2.0,7.0,No effect,0
36.0,YouTube Music,3.0,1,0,0,Country,0,1,105.0,3,3,2,0,0,1,0,3,2,0,0,1,2,0,0,0,1.0,0.0,1.0,0.0,Improve,0
18.0,Spotify,4.0,0,0,0,R&B,1,1,80.0,1,0,1,0,2,3,0,3,0,1,0,3,3,3,0,0,8.0,7.0,2.0,6.0,Improve,1
18.0,Spotify,1.0,0,0,0,K pop,0,1,100.0,0,0,1,0,0,3,0,3,0,2,0,2,2,1,1,0,5.0,1.0,4.0,0.0,Improve,0
18.0,Apple Music,5.0,1,1,0,Latin,1,1,73.0,3,2,1,0,0,2,1,2,3,2,0,3,2,1,2,0,10.0,6.0,0.0,0.0,Improve,1
18.0,Apple Music,2.0,1,0,0,R&B,1,0,80.0,0,0,0,0,0,2,0,3,0,0,0,3,3,3,0,0,7.0,5.0,5.0,5.0,Improve,1
18.0,Spotify,7.0,1,0,0,Hip hop,1,1,120.0,3,1,0,0,1,3,3,1,0,2,0,2,2,2,1,1,3.0,1.0,0.0,3.0,Improve,0
18.0,Spotify,2.0,1,0,0,Rap,1,1,120.0,1,0,1,0,0,2,1,1,0,2,0,2,1,3,0,1,5.0,8.0,7.0,4.0,Improve,0
18.0,I do not use a streaming service.,1.0,1,0,0,Classical,0,0,120.0,2,2,1,1,1,2,2,1,1,3,0,1,1,1,1,1,2.0,0.0,0.0,5.0,No effect,0
18.0,I do not use a streaming service.,1.0,0,1,0,Classical,0,0,117.0,3,0,2,0,0,2,1,0,0,0,0,2,0,1,0,1,7.0,0.0,0.0,0.0,No effect,1
18.0,Spotify,4.0,1,0,0,R&B,0,0,120.0,0,1,0,0,0,3,0,0,0,3,0,2,3,2,0,0,8.0,0.0,0.0,2.0,No effect,1
20.0,Spotify,6.0,1,0,0,R&B,1,1,89.0,1,0,0,1,0,2,0,2,2,2,0,3,3,3,0,1,4.0,1.0,1.0,0.0,Improve,0
19.0,Spotify,3.0,1,0,0,Hip hop,1,0,115.0,2,0,1,0,0,3,1,1,0,2,0,3,3,3,0,1,3.0,8.0,0.0,2.0,Improve,0
17.0,Spotify,4.0,1,0,0,Hip hop,1,0,144.0,2,0,0,0,0,3,0,0,0,3,0,2,0,3,0,0,7.0,0.0,2.0,2.0,Improve,1
23.0,Spotify,4.0,1,0,0,Video game music,1,1,105.0,1,1,3,1,1,1,1,1,0,3,2,2,2,2,2,3,10.0,8.0,10.0,0.0,Improve,1
18.0,YouTube Music,1.0,1,1,1,Pop,1,0,114.0,0,1,0,2,1,1,0,2,0,2,0,3,1,2,2,0,7.0,1.0,1.0,1.0,Improve,1
19.0,Spotify,2.0,1,1,0,Pop,1,1,145.0,1,0,2,0,0,0,0,2,0,0,1,3,0,1,2,2,5.0,9.0,1.0,7.0,No effect,0
89.0,Spotify,24.0,1,1,1,Rap,0,0,143.0,0,0,1,1,0,3,2,0,0,1,1,1,2,3,1,0,0.0,0.0,0.0,0.0,No effect,0
20.0,Spotify,5.0,1,1,1,R&B,1,1,128.0,3,2,0,2,0,3,1,3,3,3,0,3,3,3,3,2,10.0,6.0,3.0,8.0,Improve,1
16.0,Spotify,3.0,0,1,0,Rock,1,1,90.0,1,0,0,1,0,2,2,0,2,0,0,0,2,2,3,0,7.0,3.5,3.5,5.5,Improve,1
17.0,Spotify,4.0,1,1,1,Country,1,1,110.0,2,3,0,0,0,1,2,3,1,2,0,3,1,1,2,0,2.0,0.0,0.0,2.0,Improve,0
16.0,Spotify,9.0,1,0,0,Metal,0,1,130.0,1,0,0,1,0,0,0,1,1,0,3,2,1,1,3,0,10.0,10.0,10.0,8.0,Improve,1
20.0,YouTube Music,1.0,1,0,0,Pop,0,1,120.0,2,1,1,1,1,2,1,0,0,1,1,3,1,2,1,3,8.0,9.0,6.0,5.0,Worsen,1
30.0,YouTube Music,1.0,1,1,0,Rock,1,1,115.0,2,1,1,1,1,1,1,2,0,2,2,3,1,1,3,2,9.0,7.0,8.0,4.0,Improve,1
37.0,Spotify,2.0,1,0,0,Folk,1,0,186.0,2,2,0,2,0,1,2,0,0,0,1,2,1,1,2,2,6.0,4.0,5.0,0.0,Improve,0
44.0,YouTube Music,1.5,0,0,0,Folk,0,0,99.0,1,3,0,3,1,2,0,0,0,0,0,1,1,2,2,0,8.0,5.0,9.0,4.0,Improve,1
21.0,Spotify,2.0,1,1,0,Metal,1,1,150.0,0,1,1,0,0,0,0,0,0,0,3,1,0,2,3,1,3.0,7.0,0.0,0.0,Improve,0
19.0,Spotify,4.0,1,1,0,Pop,1,0,149.0,2,2,0,1,0,0,0,0,0,2,0,3,0,0,0,0,9.0,1.0,0.0,9.0,Improve,1
23.0,Spotify,1.0,1,1,0,Rock,1,1,120.0,1,1,2,2,0,2,1,1,0,2,2,3,2,2,3,3,8.0,6.0,1.0,4.0,Improve,1
26.0,Spotify,1.0,0,0,0,Country,1,0,120.0,2,3,2,1,0,1,0,0,0,0,1,2,0,0,2,1,4.0,1.0,1.0,6.0,Improve,0
18.0,Spotify,3.0,1,0,0,Video game music,1,1,140.0,2,0,0,0,0,1,2,0,0,1,1,1,1,1,2,3,6.0,5.0,3.0,1.0,No effect,0
35.0,Spotify,4.0,1,1,1,Hip hop,1,0,90.0,2,1,1,2,0,3,3,0,2,3,1,3,3,3,2,3,7.0,8.0,6.0,5.0,Improve,1
16.0,Spotify,8.0,1,1,1,Rock,1,0,120.0,3,0,1,2,0,0,1,1,1,1,1,2,1,0,3,2,8.0,9.0,5.0,10.0,Improve,1
19.0,Spotify,5.0,1,0,0,Metal,1,1,210.0,0,0,3,0,0,1,0,0,0,0,3,1,0,1,3,2,8.0,6.0,7.0,0.0,Improve,1
23.0,I do not use a streaming service.,3.0,1,0,0,Rock,0,0,120.0,0,0,0,1,0,0,2,0,0,1,0,2,1,0,3,0,10.0,5.0,2.0,0.0,Improve,1
17.0,YouTube Music,8.0,1,0,0,Pop,1,1,95.0,1,0,3,0,0,2,1,0,0,3,0,3,0,1,1,3,5.0,2.0,4.0,7.0,No effect,0
29.0,Apple Music,1.0,0,0,0,Country,1,0,163.0,2,3,0,2,2,2,1,0,1,0,1,2,1,1,3,0,9.0,3.0,2.0,0.0,No effect,1
21.0,Spotify,4.0,1,1,1,Pop,0,0,97.0,1,2,0,2,2,1,2,0,0,0,0,2,2,1,2,0,4.0,6.0,3.0,4.0,Improve,0
17.0,Spotify,1.0,0,0,0,Metal,1,1,137.0,2,0,0,1,0,1,1,1,2,1,3,2,0,1,3,1,9.0,8.0,4.0,0.0,Improve,1
23.0,Spotify,2.0,0,0,0,Rock,1,1,120.0,1,0,1,1,0,2,0,1,1,1,3,2,2,2,3,0,5.0,7.0,10.0,2.0,No effect,0
17.0,Spotify,1.0,1,1,0,Metal,1,1,70.0,1,0,1,2,0,0,0,0,3,3,3,2,0,0,3,3,8.0,3.0,9.0,2.0,No effect,1
22.0,Spotify,3.0,1,0,0,Video game music,1,1,150.0,1,1,2,2,0,1,2,1,1,1,2,3,1,1,2,3,10.0,10.0,6.0,8.0,Improve,1
17.0,Spotify,5.0,1,0,0,Hip hop,1,0,168.0,1,2,3,0,2,3,0,2,0,2,1,3,3,3,1,1,7.0,7.0,5.0,5.0,Improve,1
19.0,Spotify,5.0,1,1,0,Pop,1,1,163.0,3,2,1,0,1,1,1,3,2,3,1,3,1,1,2,1,10.0,8.0,1.0,0.0,Improve,1
19.0,Spotify,4.0,1,0,0,Pop,1,1,140.0,2,1,2,0,0,2,2,1,1,2,2,3,2,2,2,2,8.0,6.0,2.0,0.0,Improve,1
16.0,Spotify,6.0,1,0,0,Pop,1,1,105.0,1,1,2,1,0,3,2,3,3,1,0,3,3,3,0,0,10.0,7.0,6.0,10.0,Improve,1
19.0,Spotify,6.0,1,0,0,Pop,1,1,78.0,1,1,1,0,0,2,2,2,1,2,0,3,1,1,1,2,6.0,6.0,8.0,0.0,Improve,0
13.0,Spotify,1.0,1,0,0,Video game music,1,0,128.0,1,2,0,1,0,3,1,1,1,3,3,3,0,2,2,3,10.0,10.0,8.0,4.0,Worsen,1
18.0,Apple Music,18.0,1,0,0,EDM,1,0,90.0,2,1,3,0,1,2,2,0,0,2,2,1,2,2,2,2,9.0,8.0,5.0,10.0,Improve,1
26.0,YouTube Music,1.0,1,0,0,Metal,1,1,136.0,2,1,2,3,0,0,1,0,0,1,3,1,0,0,0,1,0.0,0.0,0.0,0.0,No effect,0
14.0,Other streaming service,7.0,1,1,0,Country,1,0,108.0,1,3,2,2,3,2,0,0,0,1,2,3,2,2,3,1,7.0,3.0,1.0,2.0,Improve,1
21.0,I do not use a streaming service.,0.5,0,0,0,Pop,1,0,95.0,0,1,2,0,0,2,1,2,0,3,0,3,2,2,3,0,6.0,2.0,2.0,0.0,Improve,0
21.0,Spotify,2.0,1,0,0,R&B,1,1,147.0,2,0,2,1,0,0,2,3,0,2,1,2,3,2,2,2,7.0,6.0,4.0,6.0,Improve,1
17.0,Spotify,2.0,1,1,0,Rock,1,1,120.0,3,1,0,2,0,2,1,0,2,1,1,3,0,1,3,0,7.0,6.0,0.0,9.0,Improve,1
18.0,Spotify,1.0,1,1,0,Pop,1,1,160.0,1,1,0,0,0,0,1,0,0,1,0,3,0,0,2,2,3.0,2.0,2.0,5.0,Improve,0
19.0,Other streaming service,6.0,1,0,1,Rap,1,0,120.0,1,2,2,1,1,3,1,1,1,2,1,2,2,2,1,1,2.0,2.0,2.0,2.0,Improve,0
19.0,Spotify,5.0,1,1,0,Classical,0,0,170.0,3,0,0,0,0,0,1,0,0,0,0,0,0,0,0,2,2.0,3.0,2.0,1.0,Improve,0
29.0,YouTube Music,2.0,1,0,0,Hip hop,1,1,98.0,2,1,3,2,1,3,3,2,0,1,0,2,3,3,3,1,2.0,2.0,2.0,5.0,Improve,0
